<?xml version="1.0"?>
<!DOCTYPE ggobidata SYSTEM "ggobi.dtd">

<ggobidata count="3">
<data name="morsecodes">
<description>
</description>
<variables count="3">
  <realvariable name="Length" nickname="Le" />
  <realvariable name="Dashes" nickname="Da" />
  <realvariable name="Pos1" nickname="Po" />
</variables>
<records count="36" glyph="fr 1" color="3">
<record id="1"  label="A .-"    color="1"> 0.250 0.200 0.000 </record>
<record id="2"  label="B -..."  color="3"> 0.750 0.600 1.000 </record>
<record id="3"  label="C -.-."  color="3"> 0.750 0.400 1.000 </record>
<record id="4"  label="D -.."   color="2"> 0.500 0.400 1.000 </record>
<record id="5"  label="E ."     color="0"> 0.000 0.200 0.000 </record>
<record id="6"  label="F ..-."  color="3"> 0.750 0.600 0.000 </record>
<record id="7"  label="G --."   color="2"> 0.500 0.200 1.000 </record>
<record id="8"  label="H ...."  color="3"> 0.750 0.800 0.000 </record>
<record id="9"  label="I .."    color="1"> 0.250 0.400 0.000 </record>
<record id="10" label="J .---"  color="3"> 0.750 0.200 0.000 </record>
<record id="11" label="K -.-"   color="2"> 0.500 0.200 1.000 </record>
<record id="12" label="L .-.."  color="3"> 0.750 0.600 0.000 </record>
<record id="13" label="M --"    color="1"> 0.250 0.000 1.000 </record>
<record id="14" label="N -."    color="1"> 0.250 0.200 1.000 </record>
<record id="15" label="O ---"   color="2"> 0.500 0.000 1.000 </record>
<record id="16" label="P .--."  color="3"> 0.750 0.400 0.000 </record>
<record id="17" label="Q --.-"  color="3"> 0.750 0.400 1.000 </record>
<record id="18" label="R .-."   color="2"> 0.500 0.400 0.000 </record>
<record id="19" label="S ..."   color="2"> 0.500 0.600 0.000 </record>
<record id="20" label="T -"     color="0"> 0.000 0.000 1.000 </record>
<record id="21" label="U ..-"   color="2"> 0.500 0.400 0.000 </record>
<record id="22" label="V ...-"  color="3"> 0.750 0.600 0.000 </record>
<record id="23" label="W .--"   color="2"> 0.500 0.200 0.000 </record>
<record id="24" label="X -..-"  color="3"> 0.750 0.400 1.000 </record>
<record id="25" label="Y -.--"  color="3"> 0.750 0.200 1.000 </record>
<record id="26" label="Z --.."  color="3"> 0.750 0.400 1.000 </record>
<record id="27" label="1 .----" color="8"> 1.000 0.200 0.000 </record>
<record id="28" label="2 ..---" color="8"> 1.000 0.400 0.000 </record>
<record id="29" label="3 ...--" color="8"> 1.000 0.600 0.000 </record>
<record id="30" label="4 ....-" color="8"> 1.000 0.800 0.000 </record>
<record id="31" label="5 ....." color="8"> 1.000 1.000 0.000 </record>
<record id="32" label="6 -...." color="8"> 1.000 0.800 1.000 </record>
<record id="33" label="7 --..." color="8"> 1.000 0.600 1.000 </record>
<record id="34" label="8 ---.." color="8"> 1.000 0.400 1.000 </record>
<record id="35" label="9 ----." color="8"> 1.000 0.200 1.000 </record>
<record id="36" label="0 -----" color="8"> 1.000 0.000 1.000 </record>
</records>
</data>

<data name="distance">
<description>
</description>
<variables count="1">
  <realvariable name="D" nickname="D" />
</variables>
<records count="1260" glyph="fr 1" color="0">
<record source="1" destination="2"> 167 </record>
<record source="1" destination="3"> 169 </record>
<record source="1" destination="4"> 159 </record>
<record source="1" destination="5"> 180 </record>
<record source="1" destination="6"> 164 </record>
<record source="1" destination="7"> 163 </record>
<record source="1" destination="8"> 163 </record>
<record source="1" destination="9"> 75 </record>
<record source="1" destination="10"> 165 </record>
<record source="1" destination="11"> 156 </record>
<record source="1" destination="12"> 173 </record>
<record source="1" destination="13"> 139 </record>
<record source="1" destination="14"> 120 </record>
<record source="1" destination="15"> 165 </record>
<record source="1" destination="16"> 164 </record>
<record source="1" destination="17"> 166 </record>
<record source="1" destination="18"> 131 </record>
<record source="1" destination="19"> 148 </record>
<record source="1" destination="20"> 169 </record>
<record source="1" destination="21"> 134 </record>
<record source="1" destination="22"> 166 </record>
<record source="1" destination="23"> 152 </record>
<record source="1" destination="24"> 164 </record>
<record source="1" destination="25"> 162 </record>
<record source="1" destination="26"> 173 </record>
<record source="1" destination="27"> 172 </record>
<record source="1" destination="28"> 167 </record>
<record source="1" destination="29"> 170 </record>
<record source="1" destination="30"> 170 </record>
<record source="1" destination="31"> 166 </record>
<record source="1" destination="32"> 167 </record>
<record source="1" destination="33"> 166 </record>
<record source="1" destination="34"> 172 </record>
<record source="1" destination="35"> 178 </record>
<record source="1" destination="36"> 174 </record>
<record source="2" destination="1"> 167 </record>
<record source="2" destination="3"> 96 </record>
<record source="2" destination="4"> 79 </record>
<record source="2" destination="5"> 163 </record>
<record source="2" destination="6"> 95 </record>
<record source="2" destination="7"> 139 </record>
<record source="2" destination="8"> 105 </record>
<record source="2" destination="9"> 165 </record>
<record source="2" destination="10"> 141 </record>
<record source="2" destination="11"> 117 </record>
<record source="2" destination="12"> 61 </record>
<record source="2" destination="13"> 162 </record>
<record source="2" destination="14"> 163 </record>
<record source="2" destination="15"> 151 </record>
<record source="2" destination="16"> 123 </record>
<record source="2" destination="17"> 130 </record>
<record source="2" destination="18"> 141 </record>
<record source="2" destination="19"> 138 </record>
<record source="2" destination="20"> 168 </record>
<record source="2" destination="21"> 130 </record>
<record source="2" destination="22"> 125 </record>
<record source="2" destination="23"> 141 </record>
<record source="2" destination="24"> 27 </record>
<record source="2" destination="25"> 117 </record>
<record source="2" destination="26"> 83 </record>
<record source="2" destination="27"> 151 </record>
<record source="2" destination="28"> 142 </record>
<record source="2" destination="29"> 148 </record>
<record source="2" destination="30"> 114 </record>
<record source="2" destination="31"> 97 </record>
<record source="2" destination="32"> 18 </record>
<record source="2" destination="33"> 93 </record>
<record source="2" destination="34"> 133 </record>
<record source="2" destination="35"> 157 </record>
<record source="2" destination="36"> 171 </record>
<record source="3" destination="1"> 169 </record>
<record source="3" destination="2"> 96 </record>
<record source="3" destination="4"> 141 </record>
<record source="3" destination="5"> 166 </record>
<record source="3" destination="6"> 115 </record>
<record source="3" destination="7"> 137 </record>
<record source="3" destination="8"> 144 </record>
<record source="3" destination="9"> 162 </record>
<record source="3" destination="10"> 115 </record>
<record source="3" destination="11"> 116 </record>
<record source="3" destination="12"> 95 </record>
<record source="3" destination="13"> 164 </record>
<record source="3" destination="14"> 164 </record>
<record source="3" destination="15"> 144 </record>
<record source="3" destination="16"> 86 </record>
<record source="3" destination="17"> 106 </record>
<record source="3" destination="18"> 134 </record>
<record source="3" destination="19"> 164 </record>
<record source="3" destination="20"> 176 </record>
<record source="3" destination="21"> 162 </record>
<record source="3" destination="22"> 144 </record>
<record source="3" destination="23"> 129 </record>
<record source="3" destination="24"> 101 </record>
<record source="3" destination="25"> 29 </record>
<record source="3" destination="26"> 91 </record>
<record source="3" destination="27"> 148 </record>
<record source="3" destination="28"> 139 </record>
<record source="3" destination="29"> 121 </record>
<record source="3" destination="30"> 143 </record>
<record source="3" destination="31"> 152 </record>
<record source="3" destination="32"> 115 </record>
<record source="3" destination="33"> 122 </record>
<record source="3" destination="34"> 112 </record>
<record source="3" destination="35"> 137 </record>
<record source="3" destination="36"> 158 </record>
<record source="4" destination="1"> 159 </record>
<record source="4" destination="2"> 79 </record>
<record source="4" destination="3"> 141 </record>
<record source="4" destination="5"> 172 </record>
<record source="4" destination="6"> 136 </record>
<record source="4" destination="7"> 100 </record>
<record source="4" destination="8"> 114 </record>
<record source="4" destination="9"> 159 </record>
<record source="4" destination="10"> 151 </record>
<record source="4" destination="11"> 25 </record>
<record source="4" destination="12"> 73 </record>
<record source="4" destination="13"> 162 </record>
<record source="4" destination="14"> 144 </record>
<record source="4" destination="15"> 159 </record>
<record source="4" destination="16"> 132 </record>
<record source="4" destination="17"> 159 </record>
<record source="4" destination="18"> 107 </record>
<record source="4" destination="19"> 125 </record>
<record source="4" destination="20"> 173 </record>
<record source="4" destination="21"> 132 </record>
<record source="4" destination="22"> 144 </record>
<record source="4" destination="23"> 125 </record>
<record source="4" destination="24"> 120 </record>
<record source="4" destination="25"> 144 </record>
<record source="4" destination="26"> 124 </record>
<record source="4" destination="27"> 166 </record>
<record source="4" destination="28"> 163 </record>
<record source="4" destination="29"> 163 </record>
<record source="4" destination="30"> 154 </record>
<record source="4" destination="31"> 155 </record>
<record source="4" destination="32"> 140 </record>
<record source="4" destination="33"> 151 </record>
<record source="4" destination="34"> 161 </record>
<record source="4" destination="35"> 171 </record>
<record source="4" destination="36"> 174 </record>
<record source="5" destination="1"> 180 </record>
<record source="5" destination="2"> 163 </record>
<record source="5" destination="3"> 166 </record>
<record source="5" destination="4"> 172 </record>
<record source="5" destination="6"> 183 </record>
<record source="5" destination="7"> 182 </record>
<record source="5" destination="8"> 171 </record>
<record source="5" destination="9"> 163 </record>
<record source="5" destination="10"> 179 </record>
<record source="5" destination="11"> 182 </record>
<record source="5" destination="12"> 167 </record>
<record source="5" destination="13"> 182 </record>
<record source="5" destination="14"> 178 </record>
<record source="5" destination="15"> 173 </record>
<record source="5" destination="16"> 174 </record>
<record source="5" destination="17"> 179 </record>
<record source="5" destination="18"> 169 </record>
<record source="5" destination="19"> 175 </record>
<record source="5" destination="20"> 80 </record>
<record source="5" destination="21"> 183 </record>
<record source="5" destination="22"> 177 </record>
<record source="5" destination="23"> 172 </record>
<record source="5" destination="24"> 180 </record>
<record source="5" destination="25"> 173 </record>
<record source="5" destination="26"> 177 </record>
<record source="5" destination="27"> 174 </record>
<record source="5" destination="28"> 179 </record>
<record source="5" destination="29"> 174 </record>
<record source="5" destination="30"> 175 </record>
<record source="5" destination="31"> 180 </record>
<record source="5" destination="32"> 179 </record>
<record source="5" destination="33"> 173 </record>
<record source="5" destination="34"> 181 </record>
<record source="5" destination="35"> 184 </record>
<record source="5" destination="36"> 183 </record>
<record source="6" destination="1"> 164 </record>
<record source="6" destination="2"> 95 </record>
<record source="6" destination="3"> 115 </record>
<record source="6" destination="4"> 136 </record>
<record source="6" destination="5"> 183 </record>
<record source="6" destination="7"> 156 </record>
<record source="6" destination="8"> 116 </record>
<record source="6" destination="9"> 170 </record>
<record source="6" destination="10"> 118 </record>
<record source="6" destination="11"> 148 </record>
<record source="6" destination="12"> 102 </record>
<record source="6" destination="13"> 162 </record>
<record source="6" destination="14"> 165 </record>
<record source="6" destination="15"> 157 </record>
<record source="6" destination="16"> 95 </record>
<record source="6" destination="17"> 154 </record>
<record source="6" destination="18"> 108 </record>
<record source="6" destination="19"> 146 </record>
<record source="6" destination="20"> 181 </record>
<record source="6" destination="21"> 130 </record>
<record source="6" destination="22"> 126 </record>
<record source="6" destination="23"> 115 </record>
<record source="6" destination="24"> 134 </record>
<record source="6" destination="25"> 123 </record>
<record source="6" destination="26"> 142 </record>
<record source="6" destination="27"> 161 </record>
<record source="6" destination="28"> 143 </record>
<record source="6" destination="29"> 97 </record>
<record source="6" destination="30"> 129 </record>
<record source="6" destination="31"> 109 </record>
<record source="6" destination="32"> 131 </record>
<record source="6" destination="33"> 129 </record>
<record source="6" destination="34"> 159 </record>
<record source="6" destination="35"> 170 </record>
<record source="6" destination="36"> 172 </record>
<record source="7" destination="1"> 163 </record>
<record source="7" destination="2"> 139 </record>
<record source="7" destination="3"> 137 </record>
<record source="7" destination="4"> 100 </record>
<record source="7" destination="5"> 182 </record>
<record source="7" destination="6"> 156 </record>
<record source="7" destination="8"> 163 </record>
<record source="7" destination="9"> 172 </record>
<record source="7" destination="10"> 135 </record>
<record source="7" destination="11"> 123 </record>
<record source="7" destination="12"> 148 </record>
<record source="7" destination="13"> 143 </record>
<record source="7" destination="14"> 160 </record>
<record source="7" destination="15"> 38 </record>
<record source="7" destination="16"> 99 </record>
<record source="7" destination="17"> 148 </record>
<record source="7" destination="18"> 130 </record>
<record source="7" destination="19"> 176 </record>
<record source="7" destination="20"> 177 </record>
<record source="7" destination="21"> 157 </record>
<record source="7" destination="22"> 162 </record>
<record source="7" destination="23"> 119 </record>
<record source="7" destination="24"> 149 </record>
<record source="7" destination="25"> 131 </record>
<record source="7" destination="26"> 121 </record>
<record source="7" destination="27"> 146 </record>
<record source="7" destination="28"> 152 </record>
<record source="7" destination="29"> 165 </record>
<record source="7" destination="30"> 155 </record>
<record source="7" destination="31"> 172 </record>
<record source="7" destination="32"> 164 </record>
<record source="7" destination="33"> 152 </record>
<record source="7" destination="34"> 141 </record>
<record source="7" destination="35"> 147 </record>
<record source="7" destination="36"> 159 </record>
<record source="8" destination="1"> 163 </record>
<record source="8" destination="2"> 105 </record>
<record source="8" destination="3"> 144 </record>
<record source="8" destination="4"> 114 </record>
<record source="8" destination="5"> 171 </record>
<record source="8" destination="6"> 116 </record>
<record source="8" destination="7"> 163 </record>
<record source="8" destination="9"> 158 </record>
<record source="8" destination="10"> 157 </record>
<record source="8" destination="11"> 158 </record>
<record source="8" destination="12"> 118 </record>
<record source="8" destination="13"> 170 </record>
<record source="8" destination="14"> 156 </record>
<record source="8" destination="15"> 158 </record>
<record source="8" destination="16"> 144 </record>
<record source="8" destination="17"> 165 </record>
<record source="8" destination="18"> 142 </record>
<record source="8" destination="19"> 87 </record>
<record source="8" destination="20"> 173 </record>
<record source="8" destination="21"> 110 </record>
<record source="8" destination="22"> 81 </record>
<record source="8" destination="23"> 149 </record>
<record source="8" destination="24"> 139 </record>
<record source="8" destination="25"> 150 </record>
<record source="8" destination="26"> 153 </record>
<record source="8" destination="27"> 164 </record>
<record source="8" destination="28"> 164 </record>
<record source="8" destination="29"> 146 </record>
<record source="8" destination="30"> 117 </record>
<record source="8" destination="31"> 40 </record>
<record source="8" destination="32"> 126 </record>
<record source="8" destination="33"> 151 </record>
<record source="8" destination="34"> 166 </record>
<record source="8" destination="35"> 170 </record>
<record source="8" destination="36"> 174 </record>
<record source="9" destination="1"> 75 </record>
<record source="9" destination="2"> 165 </record>
<record source="9" destination="3"> 162 </record>
<record source="9" destination="4"> 159 </record>
<record source="9" destination="5"> 163 </record>
<record source="9" destination="6"> 170 </record>
<record source="9" destination="7"> 172 </record>
<record source="9" destination="8"> 158 </record>
<record source="9" destination="10"> 171 </record>
<record source="9" destination="11"> 174 </record>
<record source="9" destination="12"> 154 </record>
<record source="9" destination="13"> 168 </record>
<record source="9" destination="14"> 143 </record>
<record source="9" destination="15"> 170 </record>
<record source="9" destination="16"> 170 </record>
<record source="9" destination="17"> 177 </record>
<record source="9" destination="18"> 154 </record>
<record source="9" destination="19"> 138 </record>
<record source="9" destination="20"> 159 </record>
<record source="9" destination="21"> 155 </record>
<record source="9" destination="22"> 175 </record>
<record source="9" destination="23"> 167 </record>
<record source="9" destination="24"> 181 </record>
<record source="9" destination="25"> 173 </record>
<record source="9" destination="26"> 166 </record>
<record source="9" destination="27"> 173 </record>
<record source="9" destination="28"> 152 </record>
<record source="9" destination="29"> 169 </record>
<record source="9" destination="30"> 166 </record>
<record source="9" destination="31"> 170 </record>
<record source="9" destination="32"> 171 </record>
<record source="9" destination="33"> 167 </record>
<record source="9" destination="34"> 178 </record>
<record source="9" destination="35"> 178 </record>
<record source="9" destination="36"> 177 </record>
<record source="10" destination="1"> 165 </record>
<record source="10" destination="2"> 141 </record>
<record source="10" destination="3"> 115 </record>
<record source="10" destination="4"> 151 </record>
<record source="10" destination="5"> 179 </record>
<record source="10" destination="6"> 118 </record>
<record source="10" destination="7"> 135 </record>
<record source="10" destination="8"> 157 </record>
<record source="10" destination="9"> 171 </record>
<record source="10" destination="11"> 127 </record>
<record source="10" destination="12"> 110 </record>
<record source="10" destination="13"> 162 </record>
<record source="10" destination="14"> 172 </record>
<record source="10" destination="15"> 111 </record>
<record source="10" destination="16"> 27 </record>
<record source="10" destination="17"> 102 </record>
<record source="10" destination="18"> 149 </record>
<record source="10" destination="19"> 176 </record>
<record source="10" destination="20"> 168 </record>
<record source="10" destination="21"> 162 </record>
<record source="10" destination="22"> 157 </record>
<record source="10" destination="23"> 137 </record>
<record source="10" destination="24"> 119 </record>
<record source="10" destination="25"> 109 </record>
<record source="10" destination="26"> 121 </record>
<record source="10" destination="27"> 73 </record>
<record source="10" destination="28"> 82 </record>
<record source="10" destination="29"> 115 </record>
<record source="10" destination="30"> 138 </record>
<record source="10" destination="31"> 154 </record>
<record source="10" destination="32"> 151 </record>
<record source="10" destination="33"> 118 </record>
<record source="10" destination="34"> 112 </record>
<record source="10" destination="35"> 120 </record>
<record source="10" destination="36"> 126 </record>
<record source="11" destination="1"> 156 </record>
<record source="11" destination="2"> 117 </record>
<record source="11" destination="3"> 116 </record>
<record source="11" destination="4"> 25 </record>
<record source="11" destination="5"> 182 </record>
<record source="11" destination="6"> 148 </record>
<record source="11" destination="7"> 123 </record>
<record source="11" destination="8"> 158 </record>
<record source="11" destination="9"> 174 </record>
<record source="11" destination="10"> 127 </record>
<record source="11" destination="12"> 117 </record>
<record source="11" destination="13"> 154 </record>
<record source="11" destination="14"> 156 </record>
<record source="11" destination="15"> 120 </record>
<record source="11" destination="16"> 146 </record>
<record source="11" destination="17"> 128 </record>
<record source="11" destination="18"> 135 </record>
<record source="11" destination="19"> 172 </record>
<record source="11" destination="20"> 171 </record>
<record source="11" destination="21"> 117 </record>
<record source="11" destination="22"> 140 </record>
<record source="11" destination="23"> 115 </record>
<record source="11" destination="24"> 69 </record>
<record source="11" destination="25"> 149 </record>
<record source="11" destination="26"> 139 </record>
<record source="11" destination="27"> 165 </record>
<record source="11" destination="28"> 162 </record>
<record source="11" destination="29"> 154 </record>
<record source="11" destination="30"> 159 </record>
<record source="11" destination="31"> 169 </record>
<record source="11" destination="32"> 150 </record>
<record source="11" destination="33"> 149 </record>
<record source="11" destination="34"> 157 </record>
<record source="11" destination="35"> 171 </record>
<record source="11" destination="36"> 171 </record>
<record source="12" destination="1"> 173 </record>
<record source="12" destination="2"> 61 </record>
<record source="12" destination="3"> 95 </record>
<record source="12" destination="4"> 73 </record>
<record source="12" destination="5"> 167 </record>
<record source="12" destination="6"> 102 </record>
<record source="12" destination="7"> 148 </record>
<record source="12" destination="8"> 118 </record>
<record source="12" destination="9"> 154 </record>
<record source="12" destination="10"> 110 </record>
<record source="12" destination="11"> 117 </record>
<record source="12" destination="13"> 168 </record>
<record source="12" destination="14"> 169 </record>
<record source="12" destination="15"> 153 </record>
<record source="12" destination="16"> 86 </record>
<record source="12" destination="17"> 115 </record>
<record source="12" destination="18"> 112 </record>
<record source="12" destination="19"> 160 </record>
<record source="12" destination="20"> 170 </record>
<record source="12" destination="21"> 131 </record>
<record source="12" destination="22"> 116 </record>
<record source="12" destination="23"> 134 </record>
<record source="12" destination="24"> 104 </record>
<record source="12" destination="25"> 133 </record>
<record source="12" destination="26"> 63 </record>
<record source="12" destination="27"> 144 </record>
<record source="12" destination="28"> 148 </record>
<record source="12" destination="29"> 142 </record>
<record source="12" destination="30"> 141 </record>
<record source="12" destination="31"> 109 </record>
<record source="12" destination="32"> 118 </record>
<record source="12" destination="33"> 103 </record>
<record source="12" destination="34"> 145 </record>
<record source="12" destination="35"> 163 </record>
<record source="12" destination="36"> 174 </record>
<record source="13" destination="1"> 139 </record>
<record source="13" destination="2"> 162 </record>
<record source="13" destination="3"> 164 </record>
<record source="13" destination="4"> 162 </record>
<record source="13" destination="5"> 182 </record>
<record source="13" destination="6"> 162 </record>
<record source="13" destination="7"> 143 </record>
<record source="13" destination="8"> 170 </record>
<record source="13" destination="9"> 168 </record>
<record source="13" destination="10"> 162 </record>
<record source="13" destination="11"> 154 </record>
<record source="13" destination="12"> 168 </record>
<record source="13" destination="14"> 68 </record>
<record source="13" destination="15"> 167 </record>
<record source="13" destination="16"> 164 </record>
<record source="13" destination="17"> 165 </record>
<record source="13" destination="18"> 149 </record>
<record source="13" destination="19"> 180 </record>
<record source="13" destination="20"> 177 </record>
<record source="13" destination="21"> 165 </record>
<record source="13" destination="22"> 180 </record>
<record source="13" destination="23"> 146 </record>
<record source="13" destination="24"> 168 </record>
<record source="13" destination="25"> 159 </record>
<record source="13" destination="26"> 164 </record>
<record source="13" destination="27"> 166 </record>
<record source="13" destination="28"> 176 </record>
<record source="13" destination="29"> 171 </record>
<record source="13" destination="30"> 176 </record>
<record source="13" destination="31"> 179 </record>
<record source="13" destination="32"> 171 </record>
<record source="13" destination="33"> 163 </record>
<record source="13" destination="34"> 175 </record>
<record source="13" destination="35"> 161 </record>
<record source="13" destination="36"> 184 </record>
<record source="14" destination="1"> 120 </record>
<record source="14" destination="2"> 163 </record>
<record source="14" destination="3"> 164 </record>
<record source="14" destination="4"> 144 </record>
<record source="14" destination="5"> 178 </record>
<record source="14" destination="6"> 165 </record>
<record source="14" destination="7"> 160 </record>
<record source="14" destination="8"> 156 </record>
<record source="14" destination="9"> 143 </record>
<record source="14" destination="10"> 172 </record>
<record source="14" destination="11"> 156 </record>
<record source="14" destination="12"> 169 </record>
<record source="14" destination="13"> 68 </record>
<record source="14" destination="15"> 166 </record>
<record source="14" destination="16"> 161 </record>
<record source="14" destination="17"> 173 </record>
<record source="14" destination="18"> 140 </record>
<record source="14" destination="19"> 160 </record>
<record source="14" destination="20"> 174 </record>
<record source="14" destination="21"> 157 </record>
<record source="14" destination="22"> 180 </record>
<record source="14" destination="23"> 161 </record>
<record source="14" destination="24"> 172 </record>
<record source="14" destination="25"> 167 </record>
<record source="14" destination="26"> 167 </record>
<record source="14" destination="27"> 165 </record>
<record source="14" destination="28"> 177 </record>
<record source="14" destination="29"> 174 </record>
<record source="14" destination="30"> 175 </record>
<record source="14" destination="31"> 179 </record>
<record source="14" destination="32"> 173 </record>
<record source="14" destination="33"> 170 </record>
<record source="14" destination="34"> 174 </record>
<record source="14" destination="35"> 163 </record>
<record source="14" destination="36"> 182 </record>
<record source="15" destination="1"> 165 </record>
<record source="15" destination="2"> 151 </record>
<record source="15" destination="3"> 144 </record>
<record source="15" destination="4"> 159 </record>
<record source="15" destination="5"> 173 </record>
<record source="15" destination="6"> 157 </record>
<record source="15" destination="7"> 38 </record>
<record source="15" destination="8"> 158 </record>
<record source="15" destination="9"> 170 </record>
<record source="15" destination="10"> 111 </record>
<record source="15" destination="11"> 120 </record>
<record source="15" destination="12"> 153 </record>
<record source="15" destination="13"> 167 </record>
<record source="15" destination="14"> 166 </record>
<record source="15" destination="16"> 111 </record>
<record source="15" destination="17"> 120 </record>
<record source="15" destination="18"> 151 </record>
<record source="15" destination="19"> 173 </record>
<record source="15" destination="20"> 172 </record>
<record source="15" destination="21"> 162 </record>
<record source="15" destination="22"> 155 </record>
<record source="15" destination="23"> 121 </record>
<record source="15" destination="24"> 118 </record>
<record source="15" destination="25"> 131 </record>
<record source="15" destination="26"> 131 </record>
<record source="15" destination="27"> 137 </record>
<record source="15" destination="28"> 141 </record>
<record source="15" destination="29"> 160 </record>
<record source="15" destination="30"> 166 </record>
<record source="15" destination="31"> 166 </record>
<record source="15" destination="32"> 149 </record>
<record source="15" destination="33"> 150 </record>
<record source="15" destination="34"> 150 </record>
<record source="15" destination="35"> 147 </record>
<record source="15" destination="36"> 143 </record>
<record source="16" destination="1"> 164 </record>
<record source="16" destination="2"> 123 </record>
<record source="16" destination="3"> 86 </record>
<record source="16" destination="4"> 132 </record>
<record source="16" destination="5"> 174 </record>
<record source="16" destination="6"> 95 </record>
<record source="16" destination="7"> 99 </record>
<record source="16" destination="8"> 144 </record>
<record source="16" destination="9"> 170 </record>
<record source="16" destination="10"> 27 </record>
<record source="16" destination="11"> 146 </record>
<record source="16" destination="12"> 86 </record>
<record source="16" destination="13"> 164 </record>
<record source="16" destination="14"> 161 </record>
<record source="16" destination="15"> 111 </record>
<record source="16" destination="17"> 80 </record>
<record source="16" destination="18"> 118 </record>
<record source="16" destination="19"> 164 </record>
<record source="16" destination="20"> 164 </record>
<record source="16" destination="21"> 144 </record>
<record source="16" destination="22"> 139 </record>
<record source="16" destination="23"> 130 </record>
<record source="16" destination="24"> 123 </record>
<record source="16" destination="25"> 98 </record>
<record source="16" destination="26"> 81 </record>
<record source="16" destination="27"> 103 </record>
<record source="16" destination="28"> 91 </record>
<record source="16" destination="29"> 108 </record>
<record source="16" destination="30"> 144 </record>
<record source="16" destination="31"> 145 </record>
<record source="16" destination="32"> 138 </record>
<record source="16" destination="33"> 108 </record>
<record source="16" destination="34"> 137 </record>
<record source="16" destination="35"> 118 </record>
<record source="16" destination="36"> 143 </record>
<record source="17" destination="1"> 166 </record>
<record source="17" destination="2"> 130 </record>
<record source="17" destination="3"> 106 </record>
<record source="17" destination="4"> 159 </record>
<record source="17" destination="5"> 179 </record>
<record source="17" destination="6"> 154 </record>
<record source="17" destination="7"> 148 </record>
<record source="17" destination="8"> 165 </record>
<record source="17" destination="9"> 177 </record>
<record source="17" destination="10"> 102 </record>
<record source="17" destination="11"> 128 </record>
<record source="17" destination="12"> 115 </record>
<record source="17" destination="13"> 165 </record>
<record source="17" destination="14"> 173 </record>
<record source="17" destination="15"> 120 </record>
<record source="17" destination="16"> 80 </record>
<record source="17" destination="18"> 159 </record>
<record source="17" destination="19"> 182 </record>
<record source="17" destination="20"> 180 </record>
<record source="17" destination="21"> 166 </record>
<record source="17" destination="22"> 159 </record>
<record source="17" destination="23"> 140 </record>
<record source="17" destination="24"> 84 </record>
<record source="17" destination="25"> 75 </record>
<record source="17" destination="26"> 43 </record>
<record source="17" destination="27"> 113 </record>
<record source="17" destination="28"> 120 </record>
<record source="17" destination="29"> 141 </record>
<record source="17" destination="30"> 139 </record>
<record source="17" destination="31"> 165 </record>
<record source="17" destination="32"> 122 </record>
<record source="17" destination="33"> 97 </record>
<record source="17" destination="34"> 77 </record>
<record source="17" destination="35"> 113 </record>
<record source="17" destination="36"> 132 </record>
<record source="18" destination="1"> 131 </record>
<record source="18" destination="2"> 141 </record>
<record source="18" destination="3"> 134 </record>
<record source="18" destination="4"> 107 </record>
<record source="18" destination="5"> 169 </record>
<record source="18" destination="6"> 108 </record>
<record source="18" destination="7"> 130 </record>
<record source="18" destination="8"> 142 </record>
<record source="18" destination="9"> 154 </record>
<record source="18" destination="10"> 149 </record>
<record source="18" destination="11"> 135 </record>
<record source="18" destination="12"> 112 </record>
<record source="18" destination="13"> 149 </record>
<record source="18" destination="14"> 140 </record>
<record source="18" destination="15"> 151 </record>
<record source="18" destination="16"> 118 </record>
<record source="18" destination="17"> 159 </record>
<record source="18" destination="19"> 149 </record>
<record source="18" destination="20"> 177 </record>
<record source="18" destination="21"> 117 </record>
<record source="18" destination="22"> 139 </record>
<record source="18" destination="23"> 50 </record>
<record source="18" destination="24"> 154 </record>
<record source="18" destination="25"> 156 </record>
<record source="18" destination="26"> 147 </record>
<record source="18" destination="27"> 155 </record>
<record source="18" destination="28"> 160 </record>
<record source="18" destination="29"> 151 </record>
<record source="18" destination="30"> 161 </record>
<record source="18" destination="31"> 161 </record>
<record source="18" destination="32"> 152 </record>
<record source="18" destination="33"> 153 </record>
<record source="18" destination="34"> 165 </record>
<record source="18" destination="35"> 172 </record>
<record source="18" destination="36"> 177 </record>
<record source="19" destination="1"> 148 </record>
<record source="19" destination="2"> 138 </record>
<record source="19" destination="3"> 164 </record>
<record source="19" destination="4"> 125 </record>
<record source="19" destination="5"> 175 </record>
<record source="19" destination="6"> 146 </record>
<record source="19" destination="7"> 176 </record>
<record source="19" destination="8"> 87 </record>
<record source="19" destination="9"> 138 </record>
<record source="19" destination="10"> 176 </record>
<record source="19" destination="11"> 172 </record>
<record source="19" destination="12"> 160 </record>
<record source="19" destination="13"> 180 </record>
<record source="19" destination="14"> 160 </record>
<record source="19" destination="15"> 173 </record>
<record source="19" destination="16"> 164 </record>
<record source="19" destination="17"> 182 </record>
<record source="19" destination="18"> 149 </record>
<record source="19" destination="20"> 176 </record>
<record source="19" destination="21"> 82 </record>
<record source="19" destination="22"> 153 </record>
<record source="19" destination="23"> 158 </record>
<record source="19" destination="24"> 165 </record>
<record source="19" destination="25"> 169 </record>
<record source="19" destination="26"> 172 </record>
<record source="19" destination="27"> 168 </record>
<record source="19" destination="28"> 178 </record>
<record source="19" destination="29"> 173 </record>
<record source="19" destination="30"> 161 </record>
<record source="19" destination="31"> 131 </record>
<record source="19" destination="32"> 161 </record>
<record source="19" destination="33"> 170 </record>
<record source="19" destination="34"> 174 </record>
<record source="19" destination="35"> 176 </record>
<record source="19" destination="36"> 185 </record>
<record source="20" destination="1"> 169 </record>
<record source="20" destination="2"> 168 </record>
<record source="20" destination="3"> 176 </record>
<record source="20" destination="4"> 173 </record>
<record source="20" destination="5"> 80 </record>
<record source="20" destination="6"> 181 </record>
<record source="20" destination="7"> 177 </record>
<record source="20" destination="8"> 173 </record>
<record source="20" destination="9"> 159 </record>
<record source="20" destination="10"> 168 </record>
<record source="20" destination="11"> 171 </record>
<record source="20" destination="12"> 170 </record>
<record source="20" destination="13"> 177 </record>
<record source="20" destination="14"> 174 </record>
<record source="20" destination="15"> 172 </record>
<record source="20" destination="16"> 164 </record>
<record source="20" destination="17"> 180 </record>
<record source="20" destination="18"> 177 </record>
<record source="20" destination="19"> 176 </record>
<record source="20" destination="21"> 175 </record>
<record source="20" destination="22"> 177 </record>
<record source="20" destination="23"> 174 </record>
<record source="20" destination="24"> 182 </record>
<record source="20" destination="25"> 176 </record>
<record source="20" destination="26"> 174 </record>
<record source="20" destination="27"> 173 </record>
<record source="20" destination="28"> 177 </record>
<record source="20" destination="29"> 173 </record>
<record source="20" destination="30"> 179 </record>
<record source="20" destination="31"> 181 </record>
<record source="20" destination="32"> 173 </record>
<record source="20" destination="33"> 172 </record>
<record source="20" destination="34"> 175 </record>
<record source="20" destination="35"> 166 </record>
<record source="20" destination="36"> 180 </record>
<record source="21" destination="1"> 134 </record>
<record source="21" destination="2"> 130 </record>
<record source="21" destination="3"> 162 </record>
<record source="21" destination="4"> 132 </record>
<record source="21" destination="5"> 183 </record>
<record source="21" destination="6"> 130 </record>
<record source="21" destination="7"> 157 </record>
<record source="21" destination="8"> 110 </record>
<record source="21" destination="9"> 155 </record>
<record source="21" destination="10"> 162 </record>
<record source="21" destination="11"> 117 </record>
<record source="21" destination="12"> 131 </record>
<record source="21" destination="13"> 165 </record>
<record source="21" destination="14"> 157 </record>
<record source="21" destination="15"> 162 </record>
<record source="21" destination="16"> 144 </record>
<record source="21" destination="17"> 166 </record>
<record source="21" destination="18"> 117 </record>
<record source="21" destination="19"> 82 </record>
<record source="21" destination="20"> 175 </record>
<record source="21" destination="22"> 96 </record>
<record source="21" destination="23"> 126 </record>
<record source="21" destination="24"> 155 </record>
<record source="21" destination="25"> 164 </record>
<record source="21" destination="26"> 160 </record>
<record source="21" destination="27"> 168 </record>
<record source="21" destination="28"> 170 </record>
<record source="21" destination="29"> 159 </record>
<record source="21" destination="30"> 131 </record>
<record source="21" destination="31"> 159 </record>
<record source="21" destination="32"> 160 </record>
<record source="21" destination="33"> 166 </record>
<record source="21" destination="34"> 169 </record>
<record source="21" destination="35"> 174 </record>
<record source="21" destination="36"> 179 </record>
<record source="22" destination="1"> 166 </record>
<record source="22" destination="2"> 125 </record>
<record source="22" destination="3"> 144 </record>
<record source="22" destination="4"> 144 </record>
<record source="22" destination="5"> 177 </record>
<record source="22" destination="6"> 126 </record>
<record source="22" destination="7"> 162 </record>
<record source="22" destination="8"> 81 </record>
<record source="22" destination="9"> 175 </record>
<record source="22" destination="10"> 157 </record>
<record source="22" destination="11"> 140 </record>
<record source="22" destination="12"> 116 </record>
<record source="22" destination="13"> 180 </record>
<record source="22" destination="14"> 180 </record>
<record source="22" destination="15"> 155 </record>
<record source="22" destination="16"> 139 </record>
<record source="22" destination="17"> 159 </record>
<record source="22" destination="18"> 139 </record>
<record source="22" destination="19"> 153 </record>
<record source="22" destination="20"> 177 </record>
<record source="22" destination="21"> 96 </record>
<record source="22" destination="23"> 141 </record>
<record source="22" destination="24"> 109 </record>
<record source="22" destination="25"> 130 </record>
<record source="22" destination="26"> 158 </record>
<record source="22" destination="27"> 154 </record>
<record source="22" destination="28"> 157 </record>
<record source="22" destination="29"> 134 </record>
<record source="22" destination="30"> 47 </record>
<record source="22" destination="31"> 93 </record>
<record source="22" destination="32"> 114 </record>
<record source="22" destination="33"> 139 </record>
<record source="22" destination="34"> 164 </record>
<record source="22" destination="35"> 179 </record>
<record source="22" destination="36"> 178 </record>
<record source="23" destination="1"> 152 </record>
<record source="23" destination="2"> 141 </record>
<record source="23" destination="3"> 129 </record>
<record source="23" destination="4"> 125 </record>
<record source="23" destination="5"> 172 </record>
<record source="23" destination="6"> 115 </record>
<record source="23" destination="7"> 119 </record>
<record source="23" destination="8"> 149 </record>
<record source="23" destination="9"> 167 </record>
<record source="23" destination="10"> 137 </record>
<record source="23" destination="11"> 115 </record>
<record source="23" destination="12"> 134 </record>
<record source="23" destination="13"> 146 </record>
<record source="23" destination="14"> 161 </record>
<record source="23" destination="15"> 121 </record>
<record source="23" destination="16"> 130 </record>
<record source="23" destination="17"> 140 </record>
<record source="23" destination="18"> 50 </record>
<record source="23" destination="19"> 158 </record>
<record source="23" destination="20"> 174 </record>
<record source="23" destination="21"> 126 </record>
<record source="23" destination="22"> 141 </record>
<record source="23" destination="24"> 134 </record>
<record source="23" destination="25"> 126 </record>
<record source="23" destination="26"> 139 </record>
<record source="23" destination="27"> 146 </record>
<record source="23" destination="28"> 142 </record>
<record source="23" destination="29"> 147 </record>
<record source="23" destination="30"> 151 </record>
<record source="23" destination="31"> 164 </record>
<record source="23" destination="32"> 156 </record>
<record source="23" destination="33"> 151 </record>
<record source="23" destination="34"> 164 </record>
<record source="23" destination="35"> 166 </record>
<record source="23" destination="36"> 171 </record>
<record source="24" destination="1"> 164 </record>
<record source="24" destination="2"> 27 </record>
<record source="24" destination="3"> 101 </record>
<record source="24" destination="4"> 120 </record>
<record source="24" destination="5"> 180 </record>
<record source="24" destination="6"> 134 </record>
<record source="24" destination="7"> 149 </record>
<record source="24" destination="8"> 139 </record>
<record source="24" destination="9"> 181 </record>
<record source="24" destination="10"> 119 </record>
<record source="24" destination="11"> 69 </record>
<record source="24" destination="12"> 104 </record>
<record source="24" destination="13"> 168 </record>
<record source="24" destination="14"> 172 </record>
<record source="24" destination="15"> 118 </record>
<record source="24" destination="16"> 123 </record>
<record source="24" destination="17"> 84 </record>
<record source="24" destination="18"> 154 </record>
<record source="24" destination="19"> 165 </record>
<record source="24" destination="20"> 182 </record>
<record source="24" destination="21"> 155 </record>
<record source="24" destination="22"> 109 </record>
<record source="24" destination="23"> 134 </record>
<record source="24" destination="25"> 85 </record>
<record source="24" destination="26"> 116 </record>
<record source="24" destination="27"> 146 </record>
<record source="24" destination="28"> 143 </record>
<record source="24" destination="29"> 131 </record>
<record source="24" destination="30"> 116 </record>
<record source="24" destination="31"> 120 </record>
<record source="24" destination="32"> 64 </record>
<record source="24" destination="33"> 117 </record>
<record source="24" destination="34"> 140 </record>
<record source="24" destination="35"> 154 </record>
<record source="24" destination="36"> 167 </record>
<record source="25" destination="1"> 162 </record>
<record source="25" destination="2"> 117 </record>
<record source="25" destination="3"> 29 </record>
<record source="25" destination="4"> 144 </record>
<record source="25" destination="5"> 173 </record>
<record source="25" destination="6"> 123 </record>
<record source="25" destination="7"> 131 </record>
<record source="25" destination="8"> 150 </record>
<record source="25" destination="9"> 173 </record>
<record source="25" destination="10"> 109 </record>
<record source="25" destination="11"> 149 </record>
<record source="25" destination="12"> 133 </record>
<record source="25" destination="13"> 159 </record>
<record source="25" destination="14"> 167 </record>
<record source="25" destination="15"> 131 </record>
<record source="25" destination="16"> 98 </record>
<record source="25" destination="17"> 75 </record>
<record source="25" destination="18"> 156 </record>
<record source="25" destination="19"> 169 </record>
<record source="25" destination="20"> 176 </record>
<record source="25" destination="21"> 164 </record>
<record source="25" destination="22"> 130 </record>
<record source="25" destination="23"> 126 </record>
<record source="25" destination="24"> 85 </record>
<record source="25" destination="26"> 108 </record>
<record source="25" destination="27"> 125 </record>
<record source="25" destination="28"> 101 </record>
<record source="25" destination="29"> 107 </record>
<record source="25" destination="30"> 136 </record>
<record source="25" destination="31"> 155 </record>
<record source="25" destination="32"> 110 </record>
<record source="25" destination="33"> 119 </record>
<record source="25" destination="34"> 107 </record>
<record source="25" destination="35"> 133 </record>
<record source="25" destination="36"> 149 </record>
<record source="26" destination="1"> 173 </record>
<record source="26" destination="2"> 83 </record>
<record source="26" destination="3"> 91 </record>
<record source="26" destination="4"> 124 </record>
<record source="26" destination="5"> 177 </record>
<record source="26" destination="6"> 142 </record>
<record source="26" destination="7"> 121 </record>
<record source="26" destination="8"> 153 </record>
<record source="26" destination="9"> 166 </record>
<record source="26" destination="10"> 121 </record>
<record source="26" destination="11"> 139 </record>
<record source="26" destination="12"> 63 </record>
<record source="26" destination="13"> 164 </record>
<record source="26" destination="14"> 167 </record>
<record source="26" destination="15"> 131 </record>
<record source="26" destination="16"> 81 </record>
<record source="26" destination="17"> 43 </record>
<record source="26" destination="18"> 147 </record>
<record source="26" destination="19"> 172 </record>
<record source="26" destination="20"> 174 </record>
<record source="26" destination="21"> 160 </record>
<record source="26" destination="22"> 158 </record>
<record source="26" destination="23"> 139 </record>
<record source="26" destination="24"> 116 </record>
<record source="26" destination="25"> 108 </record>
<record source="26" destination="27"> 133 </record>
<record source="26" destination="28"> 142 </record>
<record source="26" destination="29"> 134 </record>
<record source="26" destination="30"> 164 </record>
<record source="26" destination="31"> 157 </record>
<record source="26" destination="32"> 111 </record>
<record source="26" destination="33"> 56 </record>
<record source="26" destination="34"> 79 </record>
<record source="26" destination="35"> 139 </record>
<record source="26" destination="36"> 146 </record>
<record source="27" destination="1"> 172 </record>
<record source="27" destination="2"> 151 </record>
<record source="27" destination="3"> 148 </record>
<record source="27" destination="4"> 166 </record>
<record source="27" destination="5"> 174 </record>
<record source="27" destination="6"> 161 </record>
<record source="27" destination="7"> 146 </record>
<record source="27" destination="8"> 164 </record>
<record source="27" destination="9"> 173 </record>
<record source="27" destination="10"> 73 </record>
<record source="27" destination="11"> 165 </record>
<record source="27" destination="12"> 144 </record>
<record source="27" destination="13"> 166 </record>
<record source="27" destination="14"> 165 </record>
<record source="27" destination="15"> 137 </record>
<record source="27" destination="16"> 103 </record>
<record source="27" destination="17"> 113 </record>
<record source="27" destination="18"> 155 </record>
<record source="27" destination="19"> 168 </record>
<record source="27" destination="20"> 173 </record>
<record source="27" destination="21"> 168 </record>
<record source="27" destination="22"> 154 </record>
<record source="27" destination="23"> 146 </record>
<record source="27" destination="24"> 146 </record>
<record source="27" destination="25"> 125 </record>
<record source="27" destination="26"> 133 </record>
<record source="27" destination="28"> 48 </record>
<record source="27" destination="29"> 139 </record>
<record source="27" destination="30"> 160 </record>
<record source="27" destination="31"> 150 </record>
<record source="27" destination="32"> 149 </record>
<record source="27" destination="33"> 128 </record>
<record source="27" destination="34"> 99 </record>
<record source="27" destination="35"> 61 </record>
<record source="27" destination="36"> 73 </record>
<record source="28" destination="1"> 167 </record>
<record source="28" destination="2"> 142 </record>
<record source="28" destination="3"> 139 </record>
<record source="28" destination="4"> 163 </record>
<record source="28" destination="5"> 179 </record>
<record source="28" destination="6"> 143 </record>
<record source="28" destination="7"> 152 </record>
<record source="28" destination="8"> 164 </record>
<record source="28" destination="9"> 152 </record>
<record source="28" destination="10"> 82 </record>
<record source="28" destination="11"> 162 </record>
<record source="28" destination="12"> 148 </record>
<record source="28" destination="13"> 176 </record>
<record source="28" destination="14"> 177 </record>
<record source="28" destination="15"> 141 </record>
<record source="28" destination="16"> 91 </record>
<record source="28" destination="17"> 120 </record>
<record source="28" destination="18"> 160 </record>
<record source="28" destination="19"> 178 </record>
<record source="28" destination="20"> 177 </record>
<record source="28" destination="21"> 170 </record>
<record source="28" destination="22"> 157 </record>
<record source="28" destination="23"> 142 </record>
<record source="28" destination="24"> 143 </record>
<record source="28" destination="25"> 101 </record>
<record source="28" destination="26"> 142 </record>
<record source="28" destination="27"> 48 </record>
<record source="28" destination="29"> 57 </record>
<record source="28" destination="30"> 132 </record>
<record source="28" destination="31"> 164 </record>
<record source="28" destination="32"> 149 </record>
<record source="28" destination="33"> 125 </record>
<record source="28" destination="34"> 128 </record>
<record source="28" destination="35"> 125 </record>
<record source="28" destination="36"> 146 </record>
<record source="29" destination="1"> 170 </record>
<record source="29" destination="2"> 148 </record>
<record source="29" destination="3"> 121 </record>
<record source="29" destination="4"> 163 </record>
<record source="29" destination="5"> 174 </record>
<record source="29" destination="6"> 97 </record>
<record source="29" destination="7"> 165 </record>
<record source="29" destination="8"> 146 </record>
<record source="29" destination="9"> 169 </record>
<record source="29" destination="10"> 115 </record>
<record source="29" destination="11"> 154 </record>
<record source="29" destination="12"> 142 </record>
<record source="29" destination="13"> 171 </record>
<record source="29" destination="14"> 174 </record>
<record source="29" destination="15"> 160 </record>
<record source="29" destination="16"> 108 </record>
<record source="29" destination="17"> 141 </record>
<record source="29" destination="18"> 151 </record>
<record source="29" destination="19"> 173 </record>
<record source="29" destination="20"> 173 </record>
<record source="29" destination="21"> 159 </record>
<record source="29" destination="22"> 134 </record>
<record source="29" destination="23"> 147 </record>
<record source="29" destination="24"> 131 </record>
<record source="29" destination="25"> 107 </record>
<record source="29" destination="26"> 134 </record>
<record source="29" destination="27"> 139 </record>
<record source="29" destination="28"> 57 </record>
<record source="29" destination="30"> 100 </record>
<record source="29" destination="31"> 123 </record>
<record source="29" destination="32"> 107 </record>
<record source="29" destination="33"> 137 </record>
<record source="29" destination="34"> 142 </record>
<record source="29" destination="35"> 160 </record>
<record source="29" destination="36"> 161 </record>
<record source="30" destination="1"> 170 </record>
<record source="30" destination="2"> 114 </record>
<record source="30" destination="3"> 143 </record>
<record source="30" destination="4"> 154 </record>
<record source="30" destination="5"> 175 </record>
<record source="30" destination="6"> 129 </record>
<record source="30" destination="7"> 155 </record>
<record source="30" destination="8"> 117 </record>
<record source="30" destination="9"> 166 </record>
<record source="30" destination="10"> 138 </record>
<record source="30" destination="11"> 159 </record>
<record source="30" destination="12"> 141 </record>
<record source="30" destination="13"> 176 </record>
<record source="30" destination="14"> 175 </record>
<record source="30" destination="15"> 166 </record>
<record source="30" destination="16"> 144 </record>
<record source="30" destination="17"> 139 </record>
<record source="30" destination="18"> 161 </record>
<record source="30" destination="19"> 161 </record>
<record source="30" destination="20"> 179 </record>
<record source="30" destination="21"> 131 </record>
<record source="30" destination="22"> 47 </record>
<record source="30" destination="23"> 151 </record>
<record source="30" destination="24"> 116 </record>
<record source="30" destination="25"> 136 </record>
<record source="30" destination="26"> 164 </record>
<record source="30" destination="27"> 160 </record>
<record source="30" destination="28"> 132 </record>
<record source="30" destination="29"> 100 </record>
<record source="30" destination="31"> 68 </record>
<record source="30" destination="32"> 109 </record>
<record source="30" destination="33"> 127 </record>
<record source="30" destination="34"> 152 </record>
<record source="30" destination="35"> 165 </record>
<record source="30" destination="36"> 169 </record>
<record source="31" destination="1"> 166 </record>
<record source="31" destination="2"> 97 </record>
<record source="31" destination="3"> 152 </record>
<record source="31" destination="4"> 155 </record>
<record source="31" destination="5"> 180 </record>
<record source="31" destination="6"> 109 </record>
<record source="31" destination="7"> 172 </record>
<record source="31" destination="8"> 40 </record>
<record source="31" destination="9"> 170 </record>
<record source="31" destination="10"> 154 </record>
<record source="31" destination="11"> 169 </record>
<record source="31" destination="12"> 109 </record>
<record source="31" destination="13"> 179 </record>
<record source="31" destination="14"> 179 </record>
<record source="31" destination="15"> 166 </record>
<record source="31" destination="16"> 145 </record>
<record source="31" destination="17"> 165 </record>
<record source="31" destination="18"> 161 </record>
<record source="31" destination="19"> 131 </record>
<record source="31" destination="20"> 181 </record>
<record source="31" destination="21"> 159 </record>
<record source="31" destination="22"> 93 </record>
<record source="31" destination="23"> 164 </record>
<record source="31" destination="24"> 120 </record>
<record source="31" destination="25"> 155 </record>
<record source="31" destination="26"> 157 </record>
<record source="31" destination="27"> 150 </record>
<record source="31" destination="28"> 164 </record>
<record source="31" destination="29"> 123 </record>
<record source="31" destination="30"> 68 </record>
<record source="31" destination="32"> 119 </record>
<record source="31" destination="33"> 139 </record>
<record source="31" destination="34"> 160 </record>
<record source="31" destination="35"> 171 </record>
<record source="31" destination="36"> 174 </record>
<record source="32" destination="1"> 167 </record>
<record source="32" destination="2"> 18 </record>
<record source="32" destination="3"> 115 </record>
<record source="32" destination="4"> 140 </record>
<record source="32" destination="5"> 179 </record>
<record source="32" destination="6"> 131 </record>
<record source="32" destination="7"> 164 </record>
<record source="32" destination="8"> 126 </record>
<record source="32" destination="9"> 171 </record>
<record source="32" destination="10"> 151 </record>
<record source="32" destination="11"> 150 </record>
<record source="32" destination="12"> 118 </record>
<record source="32" destination="13"> 171 </record>
<record source="32" destination="14"> 173 </record>
<record source="32" destination="15"> 149 </record>
<record source="32" destination="16"> 138 </record>
<record source="32" destination="17"> 122 </record>
<record source="32" destination="18"> 152 </record>
<record source="32" destination="19"> 161 </record>
<record source="32" destination="20"> 173 </record>
<record source="32" destination="21"> 160 </record>
<record source="32" destination="22"> 114 </record>
<record source="32" destination="23"> 156 </record>
<record source="32" destination="24"> 64 </record>
<record source="32" destination="25"> 110 </record>
<record source="32" destination="26"> 111 </record>
<record source="32" destination="27"> 149 </record>
<record source="32" destination="28"> 149 </record>
<record source="32" destination="29"> 107 </record>
<record source="32" destination="30"> 109 </record>
<record source="32" destination="31"> 119 </record>
<record source="32" destination="33"> 43 </record>
<record source="32" destination="34"> 133 </record>
<record source="32" destination="35"> 163 </record>
<record source="32" destination="36"> 146 </record>
<record source="33" destination="1"> 166 </record>
<record source="33" destination="2"> 93 </record>
<record source="33" destination="3"> 122 </record>
<record source="33" destination="4"> 151 </record>
<record source="33" destination="5"> 173 </record>
<record source="33" destination="6"> 129 </record>
<record source="33" destination="7"> 152 </record>
<record source="33" destination="8"> 151 </record>
<record source="33" destination="9"> 167 </record>
<record source="33" destination="10"> 118 </record>
<record source="33" destination="11"> 149 </record>
<record source="33" destination="12"> 103 </record>
<record source="33" destination="13"> 163 </record>
<record source="33" destination="14"> 170 </record>
<record source="33" destination="15"> 150 </record>
<record source="33" destination="16"> 108 </record>
<record source="33" destination="17"> 97 </record>
<record source="33" destination="18"> 153 </record>
<record source="33" destination="19"> 170 </record>
<record source="33" destination="20"> 172 </record>
<record source="33" destination="21"> 166 </record>
<record source="33" destination="22"> 139 </record>
<record source="33" destination="23"> 151 </record>
<record source="33" destination="24"> 117 </record>
<record source="33" destination="25"> 119 </record>
<record source="33" destination="26"> 56 </record>
<record source="33" destination="27"> 128 </record>
<record source="33" destination="28"> 125 </record>
<record source="33" destination="29"> 137 </record>
<record source="33" destination="30"> 127 </record>
<record source="33" destination="31"> 139 </record>
<record source="33" destination="32"> 43 </record>
<record source="33" destination="34"> 44 </record>
<record source="33" destination="35"> 114 </record>
<record source="33" destination="36"> 149 </record>
<record source="34" destination="1"> 172 </record>
<record source="34" destination="2"> 133 </record>
<record source="34" destination="3"> 112 </record>
<record source="34" destination="4"> 161 </record>
<record source="34" destination="5"> 181 </record>
<record source="34" destination="6"> 159 </record>
<record source="34" destination="7"> 141 </record>
<record source="34" destination="8"> 166 </record>
<record source="34" destination="9"> 178 </record>
<record source="34" destination="10"> 112 </record>
<record source="34" destination="11"> 157 </record>
<record source="34" destination="12"> 145 </record>
<record source="34" destination="13"> 175 </record>
<record source="34" destination="14"> 174 </record>
<record source="34" destination="15"> 150 </record>
<record source="34" destination="16"> 137 </record>
<record source="34" destination="17"> 77 </record>
<record source="34" destination="18"> 165 </record>
<record source="34" destination="19"> 174 </record>
<record source="34" destination="20"> 175 </record>
<record source="34" destination="21"> 169 </record>
<record source="34" destination="22"> 164 </record>
<record source="34" destination="23"> 164 </record>
<record source="34" destination="24"> 140 </record>
<record source="34" destination="25"> 107 </record>
<record source="34" destination="26"> 79 </record>
<record source="34" destination="27"> 99 </record>
<record source="34" destination="28"> 128 </record>
<record source="34" destination="29"> 142 </record>
<record source="34" destination="30"> 152 </record>
<record source="34" destination="31"> 160 </record>
<record source="34" destination="32"> 133 </record>
<record source="34" destination="33"> 44 </record>
<record source="34" destination="35"> 63 </record>
<record source="34" destination="36"> 105 </record>
<record source="35" destination="1"> 178 </record>
<record source="35" destination="2"> 157 </record>
<record source="35" destination="3"> 137 </record>
<record source="35" destination="4"> 171 </record>
<record source="35" destination="5"> 184 </record>
<record source="35" destination="6"> 170 </record>
<record source="35" destination="7"> 147 </record>
<record source="35" destination="8"> 170 </record>
<record source="35" destination="9"> 178 </record>
<record source="35" destination="10"> 120 </record>
<record source="35" destination="11"> 171 </record>
<record source="35" destination="12"> 163 </record>
<record source="35" destination="13"> 161 </record>
<record source="35" destination="14"> 163 </record>
<record source="35" destination="15"> 147 </record>
<record source="35" destination="16"> 118 </record>
<record source="35" destination="17"> 113 </record>
<record source="35" destination="18"> 172 </record>
<record source="35" destination="19"> 176 </record>
<record source="35" destination="20"> 166 </record>
<record source="35" destination="21"> 174 </record>
<record source="35" destination="22"> 179 </record>
<record source="35" destination="23"> 166 </record>
<record source="35" destination="24"> 154 </record>
<record source="35" destination="25"> 133 </record>
<record source="35" destination="26"> 139 </record>
<record source="35" destination="27"> 61 </record>
<record source="35" destination="28"> 125 </record>
<record source="35" destination="29"> 160 </record>
<record source="35" destination="30"> 165 </record>
<record source="35" destination="31"> 171 </record>
<record source="35" destination="32"> 163 </record>
<record source="35" destination="33"> 114 </record>
<record source="35" destination="34"> 63 </record>
<record source="35" destination="36"> 26 </record>
<record source="36" destination="1"> 174 </record>
<record source="36" destination="2"> 171 </record>
<record source="36" destination="3"> 158 </record>
<record source="36" destination="4"> 174 </record>
<record source="36" destination="5"> 183 </record>
<record source="36" destination="6"> 172 </record>
<record source="36" destination="7"> 159 </record>
<record source="36" destination="8"> 174 </record>
<record source="36" destination="9"> 177 </record>
<record source="36" destination="10"> 126 </record>
<record source="36" destination="11"> 171 </record>
<record source="36" destination="12"> 174 </record>
<record source="36" destination="13"> 184 </record>
<record source="36" destination="14"> 182 </record>
<record source="36" destination="15"> 143 </record>
<record source="36" destination="16"> 143 </record>
<record source="36" destination="17"> 132 </record>
<record source="36" destination="18"> 177 </record>
<record source="36" destination="19"> 185 </record>
<record source="36" destination="20"> 180 </record>
<record source="36" destination="21"> 179 </record>
<record source="36" destination="22"> 178 </record>
<record source="36" destination="23"> 171 </record>
<record source="36" destination="24"> 167 </record>
<record source="36" destination="25"> 149 </record>
<record source="36" destination="26"> 146 </record>
<record source="36" destination="27"> 73 </record>
<record source="36" destination="28"> 146 </record>
<record source="36" destination="29"> 161 </record>
<record source="36" destination="30"> 169 </record>
<record source="36" destination="31"> 174 </record>
<record source="36" destination="32"> 146 </record>
<record source="36" destination="33"> 149 </record>
<record source="36" destination="34"> 105 </record>
<record source="36" destination="35"> 26 </record>
</records>
</data>

<data name="edges">
<description>
</description>
<variables count="0">
</variables>
<records count="33" glyph="fr 1" color="0">
<record source="1" destination="9"  color="1"> </record>
<record source="1" destination="14" color="1"> </record>
<record source="2" destination="12" color="3"> </record>
<record source="2" destination="22" color="3"> </record>
<record source="3" destination="16" color="3"> </record>
<record source="3" destination="24" color="3"> </record>
<record source="4" destination="11" color="2"> </record>
<record source="4" destination="21" color="2"> </record>
<record source="5" destination="20" color="0"> </record>
<record source="6" destination="12" color="3"> </record>
<record source="6" destination="22" color="3"> </record>
<record source="7" destination="15" color="2"> </record>
<record source="7" destination="23" color="2"> </record>
<record source="8" destination="22" color="3"> </record>
<record source="10" destination="17" color="3"> </record>
<record source="10" destination="25" color="3"> </record>
<record source="11" destination="18" color="2"> </record>
<record source="13" destination="14" color="1"> </record>
<record source="16" destination="26" color="3"> </record>
<record source="17" destination="25" color="3"> </record>
<record source="18" destination="23" color="2"> </record>
<record source="19" destination="21" color="2"> </record>
<record source="24" destination="26" color="3"> </record>
<record source="27" destination="28" color="8"> </record>
<record source="27" destination="36" color="8"> </record>
<record source="28" destination="29" color="8"> </record>
<record source="29" destination="30" color="8"> </record>
<record source="30" destination="31" color="8"> </record>
<record source="31" destination="32" color="8"> </record>
<record source="32" destination="33" color="8"> </record>
<record source="33" destination="34" color="8"> </record>
<record source="34" destination="35" color="8"> </record>
<record source="35" destination="36" color="8"> </record>
</records>
</data>

</ggobidata>
