<?xml version="1.0"?>
<!DOCTYPE ggobidata SYSTEM "ggobi.dtd">

<ggobidata count="1">
<data name="places rated">
<description>
The "places data" were distribed to interested ASA members a few years
ago so that they could apply contemporary data analytic methods to
describe these data and then present results in a poster session at
the ASA annual conference.  Latitude and longitude have been added by
Paul Tukey.  

____________________________________________________________________

The first dataset is taken from the Places Rated Almanac, by Richard
Boyer and David Savageau, copyrighted and published by Rand McNally.
This book order (SBN) number is 0-528-88008-X, and it retails for
$14.95 .  The data are reproduced on disk by kind permission of the
publisher, and with the request that the copyright notice of Rand
McNally, and the names of the authors appear in any paper or
presentation using these data.

The nine rating criteria used by Places Rated Almanac are:
Climate and Terrain
Housing
Health Care and Environment
Crime
Transportation
Education
The Arts
Recreation
Economics

For all but two of the above criteria, the higher the score, the
better.  For Housing and Crime, the lower the score the better.

The scores are computed using the following component statistics for
each criterion (see the Places Rated Almanac for details):

Climate and Terrain: very hot and very cold months, seasonal
temperature variation, heating- and cooling-degree days, freezing
days, zero-degree days, ninety-degree days.

Housing: utility bills, property taxes, mortgage payments.

Health Care and Environment: per capita physicians, teaching hospitals,
medical schools, cardiac rehabilitation centers, comprehensive cancer
treatment centers, hospices, insurance/hospitalization costs index,
flouridation of drinking water, air pollution.

Crime: violent crime rate, property crime rate.

Transportation: daily commute, public transportation, Interstate
highways, air service, passenger rail service.

Education: pupil/teacher ratio in the public K-12 system, effort
index in K-12, accademic options in higher education.

The Arts: museums, fine arts and public radio stations, public
television stations, universities offering a degree or degrees in the
arts, symphony orchestras, theatres, opera companies, dance
companies, public libraries.

Recreation: good restaurants, public golf courses, certified lanes
for tenpin bowling, movie theatres, zoos, aquariums, family theme
parks, sanctioned automobile race tracks, pari-mutuel betting
attractions, major- and minor- league professional sports teams, NCAA
Division I football and basketball teams, miles of ocean or Great
Lakes coastline, inland water, national forests, national parks, or
national wildlife refuges, Consolidated Metropolitan Statistical Area
access.

Economics: average household income adjusted for taxes and living
costs, income growth, job growth.
</description>

<variables count="14">
 <realvariable name="Climate"/>
 <realvariable name="HousingCost"/>
 <realvariable name="HlthCare"/>
 <realvariable name="Crime"/>
 <realvariable name="Transp"/>
 <realvariable name="Educ"/>
 <realvariable name="Arts"/>
 <realvariable name="Recreat"/>
 <realvariable name="Econ"/>
 <realvariable name="CaseNum"/>
 <realvariable name="Long"/>
 <realvariable name="Lat"/>
 <realvariable name="Pop"/>
 <realvariable name="StNum"/>
</variables>
<records count="329" glyph="fc 1" color="1">
<record label="Abilene, TX">
521.000 6200.000 237.000 923.000 4031.000 2757.000 996.000 1405.000 7633.000 1.000 -99.689 32.559 110932.000 44.000
</record>
<record label="Akron, OH">
575.000 8138.000 1656.000 886.000 4883.000 2438.000 5564.000 2632.000 4350.000 2.000 -81.518 41.085 660328.000 36.000
</record>
<record label="Albany, GA">
468.000 7339.000 618.000 970.000 2531.000 2560.000 237.000 859.000 5250.000 3.000 -84.158 31.575 112402.000 11.000
</record>
<record label="Albany-Schenectady-Troy, NY">
476.000 7908.000 1431.000 610.000 6883.000 3399.000 4655.000 1617.000 5864.000 4.000 -73.798 42.733 835880.000 35.000
</record>
<record label="Albuquerque, NM">
659.000 8393.000 1853.000 1483.000 6558.000 3026.000 4496.000 2612.000 5727.000 5.000 -106.650 35.083 419700.000 33.000
</record>
<record label="Alexandria, LA">
520.000 5819.000 640.000 727.000 2444.000 2972.000 334.000 1018.000 5254.000 6.000 -92.453 31.302 135282.000 19.000
</record>
<record label="Allentown, Bethlehem, PA-NJ">
559.000 8288.000 621.000 514.000 2881.000 3144.000 2333.000 1117.000 5097.000 7.000 -75.440 40.616 635481.000 39.000
</record>
<record label="Alton, Granite City, IL">
537.000 6487.000 965.000 706.000 4975.000 2945.000 1487.000 1280.000 5795.000 8.000 -90.161 38.794 268229.000 15.000
</record>
<record label="Altoona, PA">
561.000 6191.000 432.000 399.000 4246.000 2778.000 256.000 1210.000 4230.000 9.000 -78.395 40.515 136621.000 39.000
</record>
<record label="Amarillo, TX">
609.000 6546.000 669.000 1073.000 4902.000 2852.000 1235.000 1109.000 6241.000 10.000 -101.849 35.383 173699.000 44.000
</record>
<record label="Anaheim-Santa Ana, CA">
885.000 16047.000 2025.000 983.000 3954.000 2843.000 5632.000 3156.000 6220.000 11.000 -117.889 33.799 1932709.000 5.000
</record>
<record label="Anchorage, AK">
195.000 12175.000 601.000 1223.000 5091.000 2414.000 2346.000 3000.000 7668.000 12.000 -127.202 48.880 174431.000 1.000
</record>
<record label="Anderson, IN">
530.000 5704.000 580.000 878.000 2865.000 2469.000 430.000 838.000 3370.000 13.000 -85.685 40.167 139336.000 16.000
</record>
<record label="Anderson, SC">
591.000 5725.000 820.000 975.000 2707.000 2772.000 169.000 613.000 4262.000 14.000 -82.655 34.510 133235.000 41.000
</record>
<record label="Ann Arbor, MI">
546.000 11014.000 2508.000 1067.000 3433.000 3346.000 7559.000 2288.000 4579.000 15.000 -83.750 42.283 264748.000 23.000
</record>
<record label="Anniston, AL">
560.000 5530.000 598.000 1125.000 3051.000 2189.000 268.000 1165.000 4730.000 16.000 -85.827 33.655 119761.000 2.000
</record>
<record label="Appleton-Oshkosh-Neenah, WI">
396.000 7877.000 833.000 525.000 3298.000 2844.000 1166.000 2315.000 5275.000 17.000 -88.467 44.158 291369.000 49.000
</record>
<record label="Asheville, NC">
694.000 6722.000 1204.000 566.000 5086.000 2990.000 1391.000 1542.000 5196.000 18.000 -82.557 35.593 160934.000 28.000
</record>
<record label="Athens, GA">
601.000 6691.000 605.000 933.000 1866.000 2646.000 3546.000 1001.000 5193.000 19.000 -83.383 33.957 130015.000 11.000
</record>
<record label="Atlanta, GA">
696.000 8316.000 3195.000 1308.000 8409.000 3057.000 7559.000 1362.000 6315.000 20.000 -84.319 33.763 2138231.000 11.000
</record>
<record label="Atlantic City, NJ">
615.000 11074.000 637.000 1878.000 3556.000 2929.000 621.000 2711.000 8107.000 21.000 -74.438 39.367 276385.000 32.000
</record>
<record label="Augusta, GA-SC">
534.000 6292.000 1798.000 872.000 2523.000 2915.000 1047.000 913.000 5431.000 22.000 -81.967 33.470 345918.000 11.000
</record>
<record label="Aurora-Elgin, IL">
474.000 10384.000 1203.000 821.000 3943.000 2208.000 3857.000 1800.000 5097.000 23.000 -88.281 41.894 315607.000 15.000
</record>
<record label="Austin, TX">
435.000 8831.000 782.000 1049.000 3670.000 3063.000 5355.000 1063.000 7439.000 24.000 -97.742 30.282 536688.000 44.000
</record>
<record label="Bakersfield, CA">
560.000 8068.000 420.000 1561.000 3725.000 2564.000 1222.000 1568.000 6056.000 25.000 -119.022 35.375 403089.000 5.000
</record>
<record label="Baltimore, MD">
567.000 9148.000 3562.000 1730.000 7405.000 3471.000 9788.000 2925.000 5503.000 26.000 -76.617 39.288 2199531.000 21.000
</record>
<record label="Bangor, ME">
451.000 7277.000 780.000 651.000 5613.000 2934.000 1995.000 2148.000 5172.000 27.000 -68.772 44.802 83919.000 22.000
</record>
<record label="Baton Rouge, LA">
427.000 8083.000 342.000 1565.000 3329.000 2635.000 4237.000 1413.000 6308.000 28.000 -91.185 30.450 494151.000 19.000
</record>
<record label="Battle Creek, MI">
527.000 6342.000 900.000 1031.000 4652.000 2483.000 354.000 1648.000 4008.000 29.000 -85.182 42.322 141557.000 23.000
</record>
<record label="Beaumont-Port Arthur, TX">
423.000 6288.000 616.000 1313.000 2782.000 2745.000 1795.000 1813.000 6019.000 30.000 -94.012 29.991 375497.000 44.000
</record>
<record label="Beaver County, PA">
586.000 7866.000 861.000 310.000 2960.000 2535.000 1284.000 1480.000 3119.000 31.000 -80.315 40.693 204441.000 39.000
</record>
<record label="Bellingham, WA">
772.000 8329.000 240.000 825.000 3776.000 2778.000 1302.000 3200.000 4247.000 32.000 -122.483 48.763 106701.000 48.000
</record>
<record label="Benton Harbor, MI">
566.000 6761.000 570.000 1190.000 2989.000 2545.000 79.000 1477.000 3635.000 33.000 -86.447 42.105 171276.000 23.000
</record>
<record label="Bergen-Passaic, NJ">
559.000 14607.000 2661.000 857.000 3511.000 3653.000 9304.000 1918.000 6016.000 34.000 -74.059 40.891 1292970.000 32.000
</record>
<record label="Billings, MT">
452.000 8315.000 479.000 810.000 6285.000 3008.000 778.000 2046.000 5913.000 35.000 -108.505 45.780 108035.000 27.000
</record>
<record label="Biloxi-Gulfport, MS">
584.000 6458.000 441.000 810.000 2516.000 2592.000 679.000 2106.000 5801.000 36.000 -88.969 30.397 182202.000 26.000
</record>
<record label="Binghampton, NY">
550.000 8257.000 1007.000 415.000 4529.000 3052.000 1599.000 1722.000 5614.000 37.000 -75.913 42.098 263460.000 35.000
</record>
<record label="Birmingham, AL">
612.000 6811.000 1692.000 1123.000 5177.000 2851.000 3958.000 1234.000 4843.000 38.000 -86.807 33.512 883946.000 2.000
</record>
<record label="Bismarck, ND">
149.000 8365.000 804.000 413.000 4303.000 2686.000 1211.000 1630.000 6019.000 39.000 -100.778 46.807 79988.000 29.000
</record>
<record label="Bloomington, IN">
558.000 7056.000 731.000 657.000 1746.000 2873.000 2152.000 1990.000 4829.000 40.000 -86.528 39.165 98785.000 16.000
</record>
<record label="Bloomington-Normal, IL">
487.000 8654.000 815.000 673.000 5889.000 2854.000 1470.000 1605.000 5863.000 41.000 -88.990 40.495 119149.000 15.000
</record>
<record label="Boise City, ID">
592.000 8221.000 453.000 880.000 6575.000 2391.000 2385.000 1672.000 4633.000 42.000 -116.218 43.613 173036.000 14.000
</record>
<record label="Boston, MA">
623.000 11609.000 5301.000 1215.000 6801.000 3479.000 21042.000 3066.000 6363.000 43.000 -71.058 42.362 2805911.000 20.000
</record>
<record label="Boulder-Longmont, CO">
459.000 11914.000 962.000 1088.000 7108.000 2587.000 3663.000 4012.000 7127.000 44.000 -105.193 40.091 189625.000 6.000
</record>
<record label="Bradenton, FL">
440.000 8242.000 333.000 1093.000 3805.000 2712.000 154.000 1349.000 7437.000 45.000 -82.572 27.495 148442.000 10.000
</record>
<record label="Brazoria, TX">
423.000 8394.000 438.000 768.000 2391.000 2718.000 1506.000 1512.000 6020.000 46.000 -95.570 29.043 169587.000 44.000
</record>
<record label="Bremerton, WA">
808.000 9060.000 310.000 651.000 1670.000 2544.000 382.000 1973.000 5671.000 47.000 -122.630 47.567 147152.000 48.000
</record>
<record label="Bridgeport-Milford, CT">
648.000 13429.000 2550.000 943.000 3197.000 3029.000 8368.000 1913.000 7197.000 48.000 -73.127 41.208 438557.000 7.000
</record>
<record label="Bristol, CT">
516.000 10041.000 975.000 545.000 4495.000 2628.000 514.000 777.000 6527.000 49.000 -72.950 41.673 73762.000 7.000
</record>
<record label="Brockton, MA">
575.000 8263.000 916.000 1336.000 3810.000 2729.000 2001.000 1217.000 6900.000 50.000 -71.017 42.085 182891.000 20.000
</record>
<record label="Brownsville-Harlington, TX">
440.000 5376.000 91.000 974.000 3119.000 2413.000 162.000 3000.000 4968.000 51.000 -97.482 25.919 209727.000 44.000
</record>
<record label="Bryan-College Station, TX">
383.000 8228.000 640.000 1016.000 2530.000 2973.000 2002.000 1413.000 8040.000 52.000 -96.357 30.644 93588.000 44.000
</record>
<record label="Buffalo, NY">
571.000 8064.000 2465.000 971.000 5384.000 3121.000 8567.000 2441.000 5047.000 53.000 -78.875 42.887 1015472.000 35.000
</record>
<record label="Burlington, NC">
637.000 6179.000 994.000 707.000 1910.000 2519.000 131.000 701.000 5680.000 54.000 -79.433 36.097 99319.000 28.000
</record>
<record label="Burlington, VT">
383.000 9673.000 1809.000 494.000 7146.000 3323.000 1741.000 3357.000 6726.000 55.000 -73.207 44.475 115308.000 47.000
</record>
<record label="Canton, OH">
575.000 7332.000 443.000 650.000 4279.000 2754.000 989.000 1157.000 4847.000 56.000 -81.378 40.798 404421.000 36.000
</record>
<record label="Casper, WY">
401.000 9839.000 345.000 989.000 4410.000 2453.000 303.000 1435.000 6303.000 57.000 -106.313 42.847 71856.000 51.000
</record>
<record label="Cedar Rapids, IA">
434.000 7774.000 837.000 714.000 5270.000 2619.000 904.000 1501.000 5009.000 58.000 -91.673 41.975 169775.000 13.000
</record>
<record label="Champaign-Urbana-Rantoul, IL">
525.000 8627.000 672.000 1022.000 7447.000 3147.000 2203.000 1700.000 5485.000 59.000 -88.198 40.182 168392.000 15.000
</record>
<record label="Charleston, SC">
569.000 7402.000 1463.000 1495.000 4207.000 3164.000 2993.000 2561.000 5153.000 60.000 -79.930 32.763 430462.000 41.000
</record>
<record label="Charleston, WV">
627.000 7789.000 708.000 721.000 5470.000 2894.000 2605.000 844.000 5257.000 61.000 -81.645 38.368 269595.000 50.000
</record>
<record label="Charlotte-Gastonia-Rock Hill, NC-SC">
644.000 7169.000 999.000 1273.000 6099.000 3031.000 4313.000 1236.000 5671.000 62.000 -81.017 35.137 971391.000 28.000
</record>
<record label="Charlottesville, VA">
618.000 9531.000 1348.000 756.000 6041.000 3489.000 1422.000 1704.000 6055.000 63.000 -78.507 38.038 113568.000 46.000
</record>
<record label="Chattanooga, TN-GA">
576.000 6189.000 564.000 946.000 3401.000 2415.000 2483.000 1238.000 4487.000 64.000 -85.310 35.043 426540.000 43.000
</record>
<record label="Chicago, IL">
514.000 10913.000 5766.000 1034.000 7742.000 3486.000 24846.000 2856.000 5205.000 65.000 -87.625 41.883 6060387.000 15.000
</record>
<record label="Chico, CA">
603.000 8587.000 243.000 947.000 4067.000 3126.000 1647.000 1543.000 5307.000 66.000 -121.838 39.732 143851.000 5.000
</record>
<record label="Cincinnati, OH-KY-IN">
584.000 8143.000 2138.000 978.000 5748.000 2918.000 9688.000 2451.000 5270.000 67.000 -84.513 39.100 1401491.000 36.000
</record>
<record label="Clarksville-Hopkinsville, TN-KY">
544.000 6007.000 446.000 736.000 2226.000 2654.000 111.000 2219.000 4880.000 68.000 -87.418 36.694 150220.000 43.000
</record>
<record label="Cleveland, OH">
579.000 9168.000 3167.000 1138.000 7333.000 2972.000 12679.000 3300.000 4879.000 69.000 -81.700 41.497 1898825.000 36.000
</record>
<record label="Colorado Springs, CO">
526.000 8509.000 721.000 1086.000 3389.000 2754.000 1749.000 2375.000 7699.000 70.000 -104.820 38.833 309424.000 6.000
</record>
<record label="Columbia, MO">
541.000 7702.000 1951.000 1065.000 3893.000 2377.000 2882.000 1331.000 5147.000 71.000 -92.330 38.957 100376.000 25.000
</record>
<record label="Columbia, SC">
526.000 7519.000 1421.000 1524.000 5859.000 2908.000 2489.000 1484.000 5279.000 72.000 -81.045 33.993 410088.000 41.000
</record>
<record label="Columbus, GA-AL">
517.000 5817.000 833.000 820.000 2995.000 2665.000 1861.000 1214.000 4812.000 73.000 -84.982 32.462 239196.000 11.000
</record>
<record label="Columbus, OH">
558.000 8093.000 1837.000 1092.000 4364.000 2928.000 6648.000 2020.000 5165.000 74.000 -83.002 39.962 1243833.000 36.000
</record>
<record label="Corpus Christi, TX">
362.000 6929.000 458.000 1335.000 3626.000 2840.000 1992.000 2037.000 6690.000 75.000 -97.621 27.776 326228.000 44.000
</record>
<record label="Cumberland, MD-WV">
591.000 6054.000 760.000 337.000 3709.000 3363.000 373.000 1036.000 4741.000 76.000 -78.763 39.650 107782.000 21.000
</record>
<record label="Dallas, TX">
544.000 9318.000 2825.000 1529.000 6213.000 3269.000 10438.000 2310.000 7710.000 77.000 -96.812 32.777 1957378.000 44.000
</record>
<record label="Danbury, CT">
569.000 14420.000 2350.000 548.000 2715.000 3029.000 7415.000 1572.000 7060.000 78.000 -73.460 41.393 170369.000 7.000
</record>
<record label="Danville, VA">
545.000 5709.000 593.000 379.000 3161.000 2943.000 85.000 501.000 4491.000 79.000 -79.388 36.592 111789.000 46.000
</record>
<record label="Davenport-Rock Island-Moline, IA-IL">
440.000 8083.000 1113.000 834.000 3907.000 2901.000 1017.000 1920.000 4997.000 80.000 -90.549 41.506 383958.000 15.000
</record>
<record label="Dayton-Springfield, OH">
544.000 7635.000 2253.000 1151.000 4775.000 2772.000 6935.000 1122.000 4532.000 81.000 -84.003 39.839 942083.000 36.000
</record>
<record label="Daytona Beach, FL">
561.000 7203.000 723.000 1347.000 4117.000 2612.000 809.000 3967.000 6592.000 82.000 -81.023 29.215 258762.000 10.000
</record>
<record label="Decatur, IL">
480.000 7395.000 732.000 897.000 3867.000 2683.000 298.000 1222.000 4274.000 83.000 -88.953 39.843 131375.000 15.000
</record>
<record label="Denver, CO">
521.000 10789.000 2533.000 1365.000 8145.000 3145.000 8477.000 2324.000 7164.000 84.000 -104.988 39.740 1428836.000 6.000
</record>
<record label="Des Moines, IA">
444.000 8028.000 1256.000 1044.000 5521.000 2613.000 1857.000 1802.000 5346.000 85.000 -93.618 41.587 367561.000 13.000
</record>
<record label="Detroit, MI">
536.000 8525.000 4142.000 1587.000 4808.000 3064.000 10389.000 2483.000 3904.000 86.000 -83.128 42.442 4488072.000 23.000
</record>
<record label="Dothgan, AL">
336.000 5708.000 593.000 930.000 2232.000 2230.000 117.000 714.000 5453.000 87.000 -85.393 31.223 122453.000 2.000
</record>
<record label="Dubuque, IA">
419.000 7993.000 640.000 571.000 3668.000 2701.000 340.000 1587.000 3949.000 88.000 -90.675 42.503 93745.000 13.000
</record>
<record label="Duluth, MN-WI">
193.000 6040.000 1159.000 488.000 5205.000 2619.000 2377.000 3107.000 3922.000 89.000 -92.113 46.783 266650.000 24.000
</record>
<record label="East St. Louis-Belleville, IL">
537.000 6501.000 444.000 1096.000 6539.000 2630.000 904.000 1610.000 6113.000 90.000 -89.983 38.512 300148.000 15.000
</record>
<record label="Eau Claire, WI">
257.000 7078.000 798.000 433.000 3197.000 2960.000 1807.000 1397.000 5348.000 91.000 -91.471 44.866 130932.000 49.000
</record>
<record label="El Paso, TX">
592.000 7343.000 528.000 1323.000 3705.000 2479.000 3800.000 1101.000 5080.000 92.000 -106.480 31.755 479899.000 44.000
</record>
<record label="Elkhart-Goshen, IN">
521.000 6573.000 596.000 524.000 4168.000 2537.000 353.000 1023.000 4214.000 93.000 -85.901 41.639 137330.000 16.000
</record>
<record label="Elmira, NY">
467.000 7078.000 562.000 582.000 3324.000 3000.000 1048.000 1600.000 4813.000 94.000 -76.807 42.093 97656.000 35.000
</record>
<record label="Enid, OK">
461.000 6829.000 626.000 845.000 2312.000 2764.000 215.000 1200.000 8268.000 95.000 -97.875 36.395 62820.000 37.000
</record>
<record label="Erie, PA">
605.000 7715.000 529.000 635.000 5754.000 2641.000 2032.000 1340.000 4299.000 96.000 -80.073 42.113 279780.000 39.000
</record>
<record label="Eugene-Springfield, OR">
741.000 9370.000 539.000 874.000 5293.000 3118.000 2631.000 3400.000 3045.000 97.000 -122.981 43.952 275226.000 38.000
</record>
<record label="Evansville, IN-KY">
550.000 6743.000 783.000 864.000 3496.000 2797.000 1876.000 1622.000 5206.000 98.000 -87.575 37.970 276252.000 16.000
</record>
<record label="Fall River, MA-RI">
643.000 9017.000 900.000 861.000 4602.000 2439.000 749.000 2005.000 4884.000 99.000 -71.101 41.794 157222.000 20.000
</record>
<record label="Fargo-Moorhead, ND-MN">
148.000 8168.000 920.000 503.000 6325.000 2506.000 2111.000 1414.000 5594.000 100.000 -96.777 46.876 137574.000 29.000
</record>
<record label="Fayetteville, NC">
561.000 6274.000 872.000 1150.000 4402.000 3051.000 844.000 709.000 5255.000 101.000 -78.877 35.055 247160.000 28.000
</record>
<record label="Fayettteville-Sprindale, AR">
549.000 6686.000 594.000 545.000 3581.000 2334.000 1915.000 1695.000 4631.000 102.000 -94.150 36.146 100494.000 3.000
</record>
<record label="Fitchburg-Leominster, MA">
507.000 8252.000 655.000 655.000 2244.000 2799.000 270.000 790.000 5098.000 103.000 -71.777 42.555 94018.000 20.000
</record>
<record label="Flint, MI">
540.000 7204.000 724.000 1671.000 4912.000 2511.000 2163.000 1355.000 3724.000 104.000 -83.683 43.022 450449.000 23.000
</record>
<record label="Florence, AL">
546.000 5962.000 607.000 516.000 1454.000 2427.000 1021.000 994.000 4492.000 105.000 -87.675 34.800 135065.000 2.000
</record>
<record label="Florence, SC">
552.000 6508.000 818.000 1334.000 4963.000 3109.000 628.000 800.000 4842.000 106.000 -79.768 34.197 110163.000 41.000
</record>
<record label="Fort Collins-Loveland, CO">
490.000 9951.000 731.000 744.000 2637.000 2413.000 1609.000 4200.000 6631.000 107.000 -105.080 40.490 149184.000 6.000
</record>
<record label="Fort Lauderdale-Hollywood-Pompano Beach, FL">
572.000 10810.000 1252.000 1536.000 4186.000 2734.000 2027.000 2455.000 7136.000 108.000 -80.137 26.121 1018200.000 10.000
</record>
<record label="Fort Myers, FL">
342.000 9298.000 546.000 787.000 4583.000 2729.000 380.000 4005.000 7166.000 109.000 -81.873 26.642 205266.000 10.000
</record>
<record label="Fort Pierce, FL">
602.000 8842.000 527.000 1422.000 2143.000 3154.000 368.000 2058.000 7973.000 110.000 -80.327 27.447 151196.000 10.000
</record>
<record label="Fort Smith, AR-OK">
482.000 5784.000 466.000 663.000 3092.000 2927.000 145.000 1736.000 4849.000 111.000 -94.418 35.385 162813.000 3.000
</record>
<record label="Fort Walton Beach, FL">
536.000 7554.000 484.000 544.000 2886.000 2809.000 87.000 2092.000 6342.000 112.000 -86.651 30.762 109920.000 10.000
</record>
<record label="Fort Wayne, IN">
509.000 6733.000 1060.000 710.000 5416.000 2772.000 2846.000 1711.000 4195.000 113.000 -85.142 41.072 354156.000 16.000
</record>
<record label="Forth-Arlington, TX">
528.000 7956.000 1038.000 1348.000 4472.000 2627.000 6466.000 2366.000 6862.000 114.000 -97.113 32.737 973138.000 44.000
</record>
<record label="Fresno, CA">
559.000 9291.000 369.000 1483.000 4388.000 2407.000 3596.000 2984.000 5746.000 115.000 -119.783 36.732 514621.000 5.000
</record>
<record label="Gadsden, AL">
526.000 5382.000 622.000 749.000 2174.000 2299.000 153.000 300.000 4220.000 116.000 -86.018 34.018 103057.000 2.000
</record>
<record label="Gainesville, FL">
402.000 7388.000 1731.000 1658.000 3527.000 3094.000 3335.000 1237.000 5739.000 117.000 -82.330 29.660 171371.000 10.000
</record>
<record label="Galveston-Texas City, TX">
727.000 7767.000 1437.000 1213.000 3423.000 2809.000 1756.000 3000.000 6026.000 118.000 -94.844 29.347 195940.000 44.000
</record>
<record label="Gary-Hammond, IN">
483.000 7641.000 1364.000 996.000 5855.000 2526.000 4115.000 1940.000 3826.000 119.000 -87.419 41.615 642781.000 16.000
</record>
<record label="Glens Falls, NY">
476.000 7120.000 43.000 568.000 2241.000 2674.000 603.000 1883.000 5166.000 120.000 -73.645 43.310 109649.000 35.000
</record>
<record label="Grand Forks, ND">
105.000 7898.000 1109.000 401.000 5587.000 2721.000 1921.000 1304.000 5646.000 121.000 -97.037 47.920 66100.000 29.000
</record>
<record label="Grand Rapids, MI">
513.000 7780.000 1274.000 952.000 3454.000 2705.000 3255.000 1909.000 4848.000 122.000 -85.670 42.963 601680.000 23.000
</record>
<record label="Great Falls, MT">
410.000 7143.000 667.000 792.000 3747.000 2737.000 401.000 2176.000 4697.000 123.000 -111.285 47.502 80696.000 27.000
</record>
<record label="Greeley, CO">
490.000 8218.000 706.000 994.000 1641.000 2854.000 1254.000 739.000 5443.000 124.000 -104.693 40.418 123438.000 6.000
</record>
<record label="Green Bay, WI">
367.000 8401.000 916.000 583.000 3793.000 2622.000 2547.000 1925.000 5650.000 125.000 -88.007 44.513 175280.000 49.000
</record>
<record label="Greensboro-Winston-Salem-High Point, NC">
626.000 7064.000 1694.000 967.000 4453.000 3090.000 4188.000 1651.000 5204.000 126.000 -80.013 36.042 851851.000 28.000
</record>
<record label="Greenville-Spartanburg, SC">
655.000 6336.000 1260.000 1185.000 3950.000 3236.000 2569.000 1410.000 5012.000 127.000 -82.173 34.895 569066.000 41.000
</record>
<record label="Hagerstown, MD">
568.000 7763.000 818.000 627.000 3431.000 2990.000 825.000 1491.000 4477.000 128.000 -77.720 39.645 113086.000 21.000
</record>
<record label="Hamilton-Middletown, OH">
542.000 8227.000 1135.000 892.000 3338.000 2747.000 2316.000 1604.000 4618.000 129.000 -84.481 39.457 258787.000 36.000
</record>
<record label="Harrisburg-Lebanon-Carlisle, PA">
556.000 7891.000 2087.000 629.000 6164.000 3224.000 3083.000 1532.000 5322.000 130.000 -76.834 40.268 555158.000 39.000
</record>
<record label="Hartford, CT">
516.000 11652.000 2521.000 1279.000 7120.000 3628.000 3616.000 1790.000 6307.000 131.000 -72.675 41.767 715923.000 7.000
</record>
<record label="Hickory, NC">
623.000 6760.000 1006.000 765.000 2703.000 2726.000 188.000 797.000 4728.000 132.000 -81.337 35.737 202711.000 28.000
</record>
<record label="Honolulu, HI">
717.000 17021.000 1298.000 891.000 5911.000 2502.000 7168.000 3703.000 5187.000 133.000 -126.057 31.736 762565.000 12.000
</record>
<record label="Houma-Thibodaux, LA">
427.000 7094.000 583.000 400.000 1145.000 1995.000 725.000 2700.000 6662.000 134.000 -90.770 29.696 176876.000 19.000
</record>
<record label="Houston, TX">
424.000 9760.000 2467.000 1499.000 4626.000 3271.000 11073.000 1825.000 7464.000 135.000 -95.003 29.834 2735766.000 44.000
</record>
<record label="Huntington-Ashland, WV-KY-OH">
636.000 6632.000 875.000 665.000 4001.000 2525.000 2195.000 840.000 4383.000 136.000 -82.524 38.435 336410.000 50.000
</record>
<record label="Huntsville, AL">
600.000 6283.000 685.000 924.000 2661.000 2257.000 1921.000 1075.000 6412.000 137.000 -86.587 34.732 196966.000 2.000
</record>
<record label="Indianapolis, IN">
557.000 7012.000 2243.000 1000.000 5804.000 2690.000 6348.000 1906.000 5082.000 138.000 -86.155 39.770 1166575.000 16.000
</record>
<record label="Iowa City, IA">
434.000 9429.000 2437.000 830.000 2770.000 2842.000 2255.000 1506.000 5165.000 139.000 -91.535 41.662 81717.000 13.000
</record>
<record label="Jackson, MI">
518.000 6794.000 679.000 1021.000 4800.000 2654.000 323.000 1933.000 3822.000 140.000 -84.400 42.247 151495.000 23.000
</record>
<record label="Jackson, MS">
412.000 7245.000 1792.000 1091.000 4917.000 3130.000 3209.000 1427.000 5186.000 141.000 -90.195 32.332 362038.000 26.000
</record>
<record label="Jacksonville, FL">
457.000 6626.000 1181.000 1211.000 5611.000 3048.000 2162.000 2884.000 6139.000 142.000 -81.657 30.330 722252.000 10.000
</record>
<record label="Jacksonville, NC">
564.000 6111.000 740.000 967.000 1780.000 2646.000 567.000 1177.000 6386.000 143.000 -77.430 34.748 112784.000 28.000
</record>
<record label="Janesville-Beloit, WI">
466.000 7447.000 700.000 858.000 3092.000 2532.000 1092.000 1615.000 4371.000 144.000 -89.026 42.595 139420.000 49.000
</record>
<record label="Jersey City, NJ">
601.000 8810.000 1759.000 1434.000 4982.000 2574.000 7420.000 1001.000 4889.000 145.000 -74.067 40.728 556972.000 32.000
</record>
<record label="Johnson City-Kingsport-Bristol, TN-VA">
663.000 6119.000 1152.000 424.000 2532.000 2925.000 1925.000 2155.000 4903.000 146.000 -82.334 36.515 433638.000 43.000
</record>
<record label="Johnstown, PA">
547.000 6524.000 731.000 353.000 4343.000 2691.000 666.000 903.000 4181.000 147.000 -78.920 40.325 264506.000 39.000
</record>
<record label="Joliet, IL">
479.000 9327.000 1058.000 837.000 4645.000 2868.000 3177.000 1636.000 4631.000 148.000 -88.080 41.527 355042.000 15.000
</record>
<record label="Joplin, MO">
580.000 5159.000 500.000 628.000 2335.000 2871.000 80.000 801.000 5324.000 149.000 -94.467 37.083 127513.000 25.000
</record>
<record label="Kalamazoo, MI">
527.000 7919.000 1043.000 1120.000 5419.000 2896.000 2071.000 2163.000 4794.000 150.000 -85.583 42.290 212378.000 23.000
</record>
<record label="Kankakee, IL">
483.000 7230.000 609.000 976.000 3444.000 2855.000 75.000 1119.000 5579.000 151.000 -87.867 41.117 102926.000 15.000
</record>
<record label="Kansas City, KS">
549.000 8126.000 1711.000 1142.000 5006.000 3028.000 1167.000 1045.000 6166.000 152.000 -94.625 39.117 519031.000 17.000
</record>
<record label="Kansas City, MO">
549.000 7076.000 1939.000 1468.000 5869.000 2949.000 5553.000 2043.000 4865.000 153.000 -94.543 39.043 914427.000 25.000
</record>
<record label="Kenosha, WI">
496.000 8516.000 1067.000 911.000 4473.000 2918.000 3844.000 2224.000 5176.000 154.000 -87.823 42.585 123137.000 49.000
</record>
<record label="Kileen-Temple, TX">
365.000 6463.000 398.000 733.000 2862.000 3167.000 920.000 931.000 6331.000 155.000 -97.534 31.110 214656.000 44.000
</record>
<record label="Knoxville, TN">
670.000 6692.000 960.000 622.000 4273.000 2761.000 3309.000 2514.000 5537.000 156.000 -83.918 35.968 565970.000 43.000
</record>
<record label="Kokomo, IN">
512.000 6616.000 596.000 413.000 1817.000 2904.000 285.000 1000.000 3429.000 157.000 -86.133 40.487 103715.000 16.000
</record>
<record label="La Crosse, WI">
352.000 8310.000 686.000 676.000 6096.000 3027.000 1466.000 1953.000 5648.000 158.000 -91.237 43.819 91056.000 49.000
</record>
<record label="Lafayette, IN">
494.000 7778.000 655.000 465.000 4956.000 2945.000 2235.000 1814.000 4333.000 159.000 -86.893 40.420 121702.000 16.000
</record>
<record label="Lafayette, LA">
429.000 8572.000 548.000 1030.000 5268.000 2305.000 1772.000 1734.000 9702.000 160.000 -92.020 30.225 190231.000 19.000
</record>
<record label="Lake Charles, LA">
469.000 6921.000 314.000 1093.000 3549.000 2336.000 1456.000 1855.000 5872.000 161.000 -93.217 30.228 167223.000 19.000
</record>
<record label="Lake County, IL">
514.000 13282.000 1237.000 822.000 3422.000 2607.000 3746.000 2435.000 5755.000 162.000 -88.618 39.636 440372.000 15.000
</record>
<record label="Lakeland-Winter Haven, FL">
307.000 6680.000 323.000 1373.000 3412.000 2998.000 309.000 2513.000 5594.000 163.000 -81.842 28.032 321652.000 10.000
</record>
<record label="Lancaster, PA">
559.000 8631.000 1111.000 413.000 3908.000 3097.000 1015.000 1147.000 5120.000 164.000 -76.308 40.037 362346.000 39.000
</record>
<record label="Lansing-East Lansing, MI">
480.000 7907.000 1371.000 894.000 5557.000 2891.000 4206.000 1609.000 4747.000 165.000 -84.429 42.670 419750.000 23.000
</record>
<record label="Laredo, TX">
424.000 6152.000 465.000 1050.000 3322.000 2827.000 150.000 702.000 5264.000 166.000 -99.503 27.507 99258.000 44.000
</record>
<record label="Las Cruces, NM">
552.000 6962.000 588.000 1457.000 2989.000 2736.000 2804.000 1609.000 5341.000 167.000 -106.778 32.312 96340.000 33.000
</record>
<record label="Las Vegas, NV">
556.000 9906.000 412.000 1913.000 5900.000 2241.000 1586.000 3996.000 6035.000 168.000 -115.147 36.172 463087.000 34.000
</record>
<record label="Lawrence, KS">
513.000 7497.000 621.000 1018.000 2931.000 2700.000 3150.000 1752.000 4573.000 169.000 -95.238 38.963 67640.000 17.000
</record>
<record label="Lawrence-Haverhill, MA-NH">
548.000 10414.000 1202.000 909.000 3575.000 2479.000 2111.000 1879.000 6527.000 170.000 -71.439 43.176 339090.000 20.000
</record>
<record label="Lawton, OK">
479.000 5850.000 477.000 1156.000 2366.000 2375.000 1280.000 1757.000 6105.000 171.000 -98.412 34.612 112456.000 37.000
</record>
<record label="Lewiston-Auburn, ME">
490.000 6876.000 759.000 764.000 2941.000 2694.000 736.000 1853.000 4444.000 172.000 -70.223 44.097 84690.000 22.000
</record>
<record label="Lexington-Fayette, KY">
635.000 8340.000 1860.000 1055.000 4080.000 2861.000 3596.000 1403.000 6245.000 173.000 -84.497 38.048 317629.000 18.000
</record>
<record label="Lima, OH">
522.000 6986.000 741.000 855.000 4084.000 2629.000 1352.000 1428.000 4313.000 174.000 -84.105 40.735 154795.000 36.000
</record>
<record label="Lincoln, NE">
398.000 8256.000 775.000 789.000 5618.000 2878.000 4523.000 1804.000 4908.000 175.000 -96.685 40.823 192884.000 30.000
</record>
<record label="Little Rock, North Little Rock, AR">
497.000 7270.000 1861.000 1328.000 4186.000 2581.000 2180.000 1462.000 5273.000 176.000 -92.272 34.751 474484.000 3.000
</record>
<record label="Longview-Marshall, TX">
500.000 6608.000 509.000 976.000 2680.000 2816.000 334.000 834.000 6898.000 177.000 -94.558 32.521 151752.000 44.000
</record>
<record label="Lorain-Elyria, OH">
579.000 8309.000 1105.000 609.000 3629.000 2582.000 2565.000 1602.000 3301.000 178.000 -82.144 41.415 274909.000 36.000
</record>
<record label="Los Angeles, Long Beach, CA">
885.000 13868.000 5153.000 1960.000 4345.000 3195.000 23567.000 3948.000 5316.000 179.000 -118.217 33.917 7477503.000 5.000
</record>
<record label="Louisville, KY-IN">
616.000 6812.000 2111.000 937.000 5420.000 3028.000 4916.000 1942.000 5402.000 180.000 -85.762 38.247 956756.000 18.000
</record>
<record label="Lowell, MA-NH">
526.000 9640.000 1083.000 819.000 3820.000 2479.000 3057.000 1129.000 6651.000 181.000 -71.313 42.637 243142.000 20.000
</record>
<record label="Lubbock, TX">
604.000 6990.000 900.000 1608.000 4158.000 2545.000 3402.000 1702.000 5923.000 182.000 -101.843 33.583 211651.000 44.000
</record>
<record label="Lynchburg, VA">
642.000 6934.000 732.000 643.000 4909.000 2803.000 1079.000 1439.000 4926.000 183.000 -79.143 37.415 141289.000 46.000
</record>
<record label="Macon, Warner Robbins, GA">
447.000 6235.000 593.000 783.000 3144.000 2651.000 1435.000 1204.000 5659.000 184.000 -83.635 32.842 263591.000 11.000
</record>
<record label="Madison, WI">
378.000 9897.000 2168.000 779.000 6084.000 3047.000 5123.000 1944.000 5448.000 185.000 -89.393 43.070 323545.000 49.000
</record>
<record label="Manchester, NH">
404.000 9860.000 737.000 633.000 4595.000 2728.000 475.000 837.000 7101.000 186.000 -71.462 42.995 129305.000 31.000
</record>
<record label="Mansfield, OH">
558.000 6881.000 303.000 1072.000 2876.000 2871.000 554.000 1133.000 4386.000 187.000 -82.517 40.758 131205.000 36.000
</record>
<record label="McAllen-Edinburg-Mission, TX">
238.000 5345.000 372.000 836.000 2117.000 2644.000 1231.000 1059.000 5739.000 188.000 -98.243 26.258 283229.000 44.000
</record>
<record label="Medford, OR">
611.000 9008.000 256.000 728.000 3512.000 2797.000 1856.000 1416.000 3692.000 189.000 -122.867 42.323 132456.000 38.000
</record>
<record label="Melbourne-Titusville-Palm Bay, FL">
582.000 8721.000 517.000 1039.000 2560.000 2814.000 437.000 3800.000 7089.000 190.000 -80.669 28.245 272959.000 10.000
</record>
<record label="Memphis, TN-AR-MS">
514.000 7015.000 2043.000 1488.000 6247.000 2804.000 4486.000 1994.000 5160.000 191.000 -90.057 35.125 913472.000 43.000
</record>
<record label="Miami-Hialeah, FL">
634.000 10267.000 2314.000 2459.000 5202.000 2879.000 4837.000 4300.000 5840.000 192.000 -80.218 25.646 1625781.000 10.000
</record>
<record label="Middlesex-Somerset, Hunterdon, NJ">
559.000 12135.000 2589.000 691.000 4198.000 3539.000 8058.000 1596.000 6324.000 193.000 -74.503 40.580 886383.000 32.000
</record>
<record label="Middletown, CT">
593.000 11652.000 884.000 646.000 4636.000 3128.000 730.000 1682.000 6307.000 194.000 -72.655 41.562 81582.000 7.000
</record>
<record label="Midland, TX">
603.000 8672.000 97.000 1166.000 5310.000 2416.000 438.000 1502.000 9980.000 195.000 -102.078 31.995 82636.000 44.000
</record>
<record label="Milwaukee, WI">
460.000 10176.000 3053.000 826.000 4945.000 3044.000 8766.000 2902.000 4982.000 196.000 -87.982 43.033 1397143.000 49.000
</record>
<record label="Minneapolis-St. Paul, MN-WI">
293.000 9559.000 3934.000 906.000 5606.000 3013.000 11714.000 2158.000 5843.000 197.000 -93.179 44.965 2137133.000 24.000
</record>
<record label="Mobile, AL">
442.000 6704.000 1469.000 1511.000 3345.000 2779.000 1764.000 2164.000 4565.000 198.000 -88.043 30.688 443536.000 2.000
</record>
<record label="Modesto, CA">
639.000 8630.000 347.000 1154.000 2000.000 2616.000 631.000 833.000 5107.000 199.000 -121.002 37.643 265900.000 5.000
</record>
<record label="Monmouth-Ocean, NJ">
615.000 11660.000 2482.000 819.000 2690.000 2787.000 7563.000 3544.000 6154.000 200.000 -74.075 40.352 849211.000 32.000
</record>
<record label="Monroe, LA">
455.000 6190.000 331.000 957.000 3606.000 2453.000 1528.000 1541.000 5537.000 201.000 -92.117 32.500 139241.000 19.000
</record>
<record label="Montgomery, AL">
483.000 6754.000 832.000 815.000 3509.000 2388.000 1374.000 1112.000 4892.000 202.000 -86.308 32.382 272687.000 2.000
</record>
<record label="Muncie, IN">
530.000 5800.000 949.000 783.000 4325.000 2965.000 2498.000 1428.000 3980.000 203.000 -85.387 40.192 128587.000 16.000
</record>
<record label="Muskegon, MI">
580.000 6391.000 699.000 1537.000 3353.000 2630.000 529.000 2666.000 3708.000 204.000 -86.260 43.228 157589.000 23.000
</record>
<record label="Nashua, NH">
538.000 10757.000 853.000 452.000 3320.000 2728.000 2122.000 1523.000 6962.000 205.000 -71.462 42.757 142527.000 31.000
</record>
<record label="Nashville, TN">
600.000 7800.000 1850.000 984.000 5030.000 2763.000 4342.000 1849.000 5938.000 206.000 -86.764 36.161 850505.000 43.000
</record>
<record label="Nassua-Suffolk, NY">
656.000 11138.000 3919.000 566.000 2119.000 3234.000 8640.000 3705.000 7371.000 207.000 -73.375 40.678 2605813.000 35.000
</record>
<record label="New Bedsford, MA">
643.000 8087.000 519.000 1012.000 3219.000 2439.000 766.000 1450.000 4937.000 208.000 -70.930 41.637 166699.000 20.000
</record>
<record label="New Britain, CT">
516.000 10509.000 1245.000 903.000 4900.000 3128.000 1360.000 1217.000 6470.000 209.000 -72.783 41.668 142241.000 7.000
</record>
<record label="New Haven-Meriden, CT">
583.000 11460.000 2068.000 893.000 5938.000 3495.000 7852.000 1604.000 5478.000 210.000 -72.851 41.418 500474.000 7.000
</record>
<record label="New London-Norwich, CT-RI">
583.000 10218.000 556.000 633.000 4505.000 3244.000 1164.000 2281.000 6672.000 211.000 -72.095 41.443 250839.000 7.000
</record>
<record label="New Orleans, LA">
498.000 8515.000 2586.000 1604.000 4579.000 2995.000 7978.000 3500.000 6453.000 212.000 -90.063 29.963 1256256.000 19.000
</record>
<record label="New York, NY">
638.000 13358.000 7850.000 2498.000 8625.000 2984.000 56745.000 3579.000 5338.000 213.000 -73.880 40.849 8274961.000 35.000
</record>
<record label="Newark, NJ">
601.000 14220.000 4106.000 1461.000 3514.000 3362.000 14224.000 1818.000 5690.000 214.000 -74.172 40.737 1878959.000 32.000
</record>
<record label="Niagara Falls, NY">
554.000 7686.000 507.000 775.000 5561.000 2538.000 966.000 1873.000 4463.000 215.000 -79.057 43.097 227354.000 35.000
</record>
<record label="Norfolk-Virginia Beach-Newport News, VA">
632.000 8568.000 1932.000 997.000 3215.000 3014.000 7087.000 2964.000 5866.000 216.000 -76.227 36.890 1160311.000 46.000
</record>
<record label="Norwalk, CT">
648.000 20151.000 2530.000 625.000 3536.000 3029.000 7273.000 2268.000 6432.000 217.000 -73.365 41.123 126692.000 7.000
</record>
<record label="Oakland, CA">
910.000 13135.000 2362.000 1533.000 6430.000 2646.000 6162.000 2394.000 5457.000 218.000 -122.268 37.808 1761759.000 5.000
</record>
<record label="Ocala, FL">
333.000 6750.000 489.000 1327.000 3798.000 2864.000 266.000 3095.000 7060.000 219.000 -82.135 29.185 122488.000 10.000
</record>
<record label="Odessa, TX">
603.000 6689.000 384.000 1698.000 1944.000 2721.000 259.000 900.000 7565.000 220.000 -102.375 31.858 115374.000 44.000
</record>
<record label="Oklahoma City, OK">
554.000 7186.000 1623.000 1297.000 4459.000 2908.000 4843.000 1742.000 8119.000 221.000 -97.304 35.296 860969.000 37.000
</record>
<record label="Olympia, WA">
726.000 8263.000 338.000 752.000 4083.000 2625.000 708.000 1451.000 4912.000 222.000 -122.890 47.045 124264.000 48.000
</record>
<record label="Omaha, NE-IA">
440.000 7128.000 2559.000 1008.000 5806.000 3069.000 3787.000 1977.000 5853.000 223.000 -96.008 41.283 585122.000 30.000
</record>
<record label="Orange County, NY">
509.000 10173.000 1574.000 804.000 3299.000 2754.000 6987.000 1866.000 5822.000 224.000 -74.413 41.453 259603.000 35.000
</record>
<record label="Orlando, FL">
457.000 8196.000 765.000 1671.000 5887.000 2976.000 2681.000 2881.000 7413.000 225.000 -81.377 28.553 700055.000 10.000
</record>
<record label="Owensboro, KY">
524.000 6760.000 812.000 568.000 2273.000 2491.000 804.000 852.000 6062.000 226.000 -87.113 37.768 85949.000 18.000
</record>
<record label="Oxnard-Ventura, CA">
890.000 14000.000 1106.000 791.000 2238.000 2155.000 2769.000 2135.000 5514.000 227.000 -119.203 34.237 529174.000 5.000
</record>
<record label="Panama City, FL">
536.000 6373.000 201.000 1344.000 2778.000 2500.000 755.000 2089.000 6083.000 228.000 -85.697 30.269 97740.000 10.000
</record>
<record label="Parkerburg-Marietta, WV-OH">
617.000 6657.000 665.000 488.000 4399.000 2503.000 91.000 1148.000 5187.000 229.000 -81.450 39.413 157914.000 36.000
</record>
<record label="Pascagoula, MS">
584.000 6248.000 593.000 591.000 1750.000 1701.000 155.000 1956.000 4491.000 230.000 -88.549 30.368 118015.000 26.000
</record>
<record label="Pawtucket-Woonsocket-Attleboro, RI-MA">
586.000 9462.000 1117.000 744.000 4738.000 3058.000 480.000 1513.000 5154.000 231.000 -71.395 41.943 307403.000 40.000
</record>
<record label="Pensacola, FL">
536.000 6479.000 563.000 1472.000 2918.000 2914.000 1954.000 2160.000 6029.000 232.000 -87.406 30.661 289782.000 10.000
</record>
<record label="Peoria, IL">
491.000 8388.000 1184.000 921.000 2967.000 2452.000 2294.000 1688.000 4073.000 233.000 -89.592 40.693 365864.000 15.000
</record>
<record label="Philadelphia, PA-NJ">
630.000 8310.000 5158.000 1059.000 5903.000 3781.000 17270.000 1979.000 5638.000 234.000 -75.163 39.950 4716818.000 39.000
</record>
<record label="Phoenix, AZ">
536.000 8921.000 1584.000 1268.000 4729.000 2942.000 4573.000 2472.000 6415.000 235.000 -112.073 33.455 1509052.000 4.000
</record>
<record label="Pine Bluff, AR">
463.000 5674.000 617.000 1169.000 1671.000 2554.000 373.000 793.000 4247.000 236.000 -92.017 34.223 90718.000 3.000
</record>
<record label="Pittsburgh, PA">
586.000 8099.000 3413.000 687.000 5616.000 3544.000 11069.000 2145.000 5261.000 237.000 -80.008 40.437 2218870.000 39.000
</record>
<record label="Pittsfield, MA">
482.000 7807.000 694.000 638.000 3759.000 3264.000 228.000 1420.000 5483.000 238.000 -73.253 42.447 83490.000 20.000
</record>
<record label="Portland, ME">
483.000 8100.000 834.000 823.000 5185.000 2973.000 2351.000 3366.000 6186.000 239.000 -70.230 43.678 193831.000 22.000
</record>
<record label="Portland, OR">
768.000 9912.000 1590.000 1504.000 5947.000 3343.000 5160.000 2532.000 4535.000 240.000 -122.365 45.547 1105699.000 38.000
</record>
<record label="Portsmouth-Dover-Rochester, NH-ME">
469.000 9966.000 596.000 475.000 2321.000 3026.000 165.000 1390.000 8367.000 241.000 -70.871 43.190 190938.000 31.000
</record>
<record label="Poughkeepsie, NY">
488.000 9981.000 355.000 633.000 4166.000 2898.000 785.000 1670.000 6746.000 242.000 -73.930 41.702 245055.000 35.000
</record>
<record label="Providence, RI">
586.000 9274.000 2467.000 998.000 5474.000 3558.000 6152.000 2263.000 5154.000 243.000 -71.407 41.817 618514.000 40.000
</record>
<record label="Provo-Orem, UT">
500.000 9321.000 198.000 485.000 4546.000 2618.000 1985.000 3300.000 3459.000 244.000 -111.678 40.272 218106.000 45.000
</record>
<record label="Pueblo, CO">
497.000 6637.000 468.000 1181.000 3501.000 2653.000 1307.000 1619.000 4646.000 245.000 -104.605 38.240 125972.000 6.000
</record>
<record label="Racine, WI">
496.000 8943.000 931.000 1055.000 3558.000 2732.000 1171.000 2016.000 4415.000 246.000 -87.800 42.727 173132.000 49.000
</record>
<record label="Raleigh-Durham, NC">
647.000 8230.000 3476.000 981.000 6544.000 3455.000 5730.000 1606.000 6405.000 247.000 -78.765 35.884 561222.000 28.000
</record>
<record label="Reading, PA">
614.000 7614.000 1154.000 522.000 3120.000 3028.000 1108.000 1549.000 5587.000 248.000 -75.928 40.328 312509.000 39.000
</record>
<record label="Redding, CA">
664.000 8584.000 274.000 892.000 5727.000 2471.000 845.000 2424.000 4459.000 249.000 -122.400 40.582 115715.000 5.000
</record>
<record label="Reno, NV">
535.000 12449.000 615.000 1116.000 6767.000 2529.000 2210.000 2386.000 5677.000 250.000 -119.807 39.523 193623.000 34.000
</record>
<record label="Richland-Kinnewick-Pasco, WA">
664.000 8461.000 300.000 779.000 4714.000 1728.000 529.000 1204.000 5326.000 251.000 -119.195 46.259 144469.000 48.000
</record>
<record label="Richmond-Petersburg, VA">
585.000 8343.000 2448.000 1076.000 6680.000 2940.000 5697.000 1943.000 5870.000 252.000 -77.425 37.385 761311.000 46.000
</record>
<record label="Riverside-San Bernardino, CA">
615.000 9754.000 2201.000 1475.000 3141.000 2596.000 5327.000 1918.000 4923.000 253.000 -117.338 34.044 1558182.000 5.000
</record>
<record label="Roanoke, VA">
652.000 7476.000 1036.000 784.000 3872.000 2723.000 1263.000 2036.000 5287.000 254.000 -79.937 37.273 220393.000 46.000
</record>
<record label="Rochester, MN">
308.000 9193.000 2966.000 437.000 4399.000 2134.000 769.000 1503.000 6099.000 255.000 -92.463 44.023 92006.000 24.000
</record>
<record label="Rochester, NY">
536.000 8609.000 1969.000 894.000 5165.000 3582.000 6956.000 2659.000 6304.000 256.000 -77.608 43.158 971230.000 35.000
</record>
<record label="Rockford, IL">
466.000 7584.000 969.000 1156.000 2987.000 2680.000 1026.000 933.000 4592.000 257.000 -89.098 42.268 279514.000 15.000
</record>
<record label="Sacramento, CA">
576.000 9855.000 1027.000 1363.000 5097.000 2793.000 4483.000 2306.000 5309.000 258.000 -121.490 38.585 1099814.000 5.000
</record>
<record label="Saginaw-Bay City-Midland, MI">
515.000 7368.000 1022.000 1068.000 3186.000 2772.000 1708.000 2059.000 3709.000 259.000 -84.018 43.551 421518.000 23.000
</record>
<record label="St. Cloud, MN">
195.000 7235.000 603.000 343.000 4565.000 2502.000 1871.000 1572.000 5488.000 260.000 -94.162 45.566 163256.000 24.000
</record>
<record label="St. Joseph, MO">
475.000 5589.000 223.000 969.000 2689.000 2927.000 879.000 1265.000 5991.000 261.000 -94.838 39.767 87888.000 25.000
</record>
<record label="St. Louis, MO-IL">
537.000 7605.000 2850.000 1306.000 7119.000 3530.000 8896.000 2243.000 5800.000 262.000 -90.193 38.617 1808621.000 25.000
</record>
<record label="Salem, OR">
716.000 8378.000 749.000 1014.000 4732.000 3278.000 691.000 1873.000 3835.000 263.000 -123.028 44.917 249895.000 38.000
</record>
<record label="Salem-Glouster, MA">
644.000 11622.000 1232.000 490.000 3459.000 2729.000 3276.000 2234.000 6309.000 264.000 -70.782 42.576 258175.000 20.000
</record>
<record label="Salinas-Seaside-Monterey, CA">
843.000 13838.000 352.000 1107.000 4160.000 2439.000 1004.000 3179.000 5656.000 265.000 -121.801 36.634 290444.000 5.000
</record>
<record label="Salt Lake City-Ogden, UT">
541.000 9466.000 1631.000 969.000 6228.000 2340.000 5528.000 3900.000 4942.000 266.000 -111.935 40.882 910222.000 45.000
</record>
<record label="San Angelo, TX">
488.000 6321.000 236.000 1032.000 2938.000 2707.000 1301.000 1136.000 7720.000 267.000 -100.437 31.463 84784.000 44.000
</record>
<record label="San Antonio, TX">
398.000 6898.000 1337.000 1197.000 5387.000 2938.000 4295.000 1509.000 6873.000 268.000 -98.495 29.423 1071954.000 44.000
</record>
<record label="San Diego, CA">
903.000 14465.000 2416.000 1099.000 5489.000 2794.000 8818.000 3347.000 5489.000 269.000 -117.153 32.713 1861846.000 5.000
</record>
<record label="San Francisco, CA">
910.000 17158.000 3726.000 1619.000 8299.000 3371.000 14226.000 4600.000 6063.000 270.000 -122.417 37.775 1488871.000 5.000
</record>
<record label="San Jose, CA">
850.000 16048.000 2117.000 1065.000 5224.000 2709.000 6446.000 1964.000 7270.000 271.000 -121.883 37.335 1295071.000 5.000
</record>
<record label="Santa Barbara-Santa Maria-Lompoc, CA">
855.000 15547.000 532.000 1026.000 5662.000 2719.000 2684.000 3300.000 5821.000 272.000 -120.196 34.671 298694.000 5.000
</record>
<record label="Santa Cruz, CA">
843.000 14303.000 1035.000 964.000 5010.000 2611.000 3748.000 1703.000 5335.000 273.000 -122.022 36.972 188141.000 5.000
</record>
<record label="Santa Rosa-Petaluma, CA">
732.000 12931.000 1052.000 912.000 3313.000 2722.000 3457.000 2255.000 5703.000 274.000 -122.679 38.338 299681.000 5.000
</record>
<record label="Sarasota, FL">
391.000 9560.000 801.000 939.000 3742.000 2626.000 817.000 2535.000 7715.000 275.000 -82.532 27.337 202251.000 10.000
</record>
<record label="Savannah, GA">
542.000 6896.000 1084.000 1614.000 5958.000 2456.000 2262.000 2237.000 5591.000 276.000 -81.093 32.077 220553.000 11.000
</record>
<record label="Scranton-Wilkes Barre, PA">
575.000 6697.000 1219.000 372.000 3683.000 3230.000 1832.000 1386.000 4907.000 277.000 -75.775 41.327 728796.000 39.000
</record>
<record label="Seattle, WA">
808.000 10183.000 2715.000 1170.000 6634.000 2710.000 9577.000 4800.000 5901.000 278.000 -122.330 47.597 1607469.000 48.000
</record>
<record label="Sharon, PA">
570.000 6697.000 700.000 384.000 2017.000 3022.000 52.000 1100.000 4055.000 279.000 -80.517 41.233 128299.000 39.000
</record>
<record label="Sheboygan, WI">
442.000 8121.000 593.000 450.000 3458.000 2557.000 268.000 1316.000 4765.000 280.000 -87.748 43.760 100935.000 49.000
</record>
<record label="Sherman-Denison, TX">
524.000 5722.000 394.000 1035.000 1922.000 2652.000 68.000 937.000 6213.000 281.000 -96.576 33.695 89796.000 44.000
</record>
<record label="Shreveport, LA">
508.000 6534.000 1445.000 1197.000 4401.000 2858.000 2826.000 1389.000 6585.000 282.000 -93.758 32.490 333079.000 19.000
</record>
<record label="Sioux City, IA-NE">
385.000 6528.000 846.000 759.000 4316.000 2673.000 1393.000 1359.000 4648.000 283.000 -96.392 42.492 117457.000 13.000
</record>
<record label="Sioux Falls, SD">
276.000 7983.000 1041.000 556.000 6271.000 2651.000 465.000 1324.000 5204.000 284.000 -96.702 43.495 109435.000 42.000
</record>
<record label="South Bend-Mishawaka, IN">
545.000 5938.000 830.000 1038.000 5634.000 2874.000 2672.000 1819.000 5056.000 285.000 -86.215 41.669 241617.000 16.000
</record>
<record label="Spokane, WA">
574.000 6927.000 497.000 869.000 5534.000 2774.000 2988.000 1517.000 4722.000 286.000 -117.405 47.672 341835.000 48.000
</record>
<record label="Springfield, IL">
524.000 7882.000 1877.000 1225.000 6172.000 3078.000 1983.000 1536.000 5384.000 287.000 -89.648 39.800 187789.000 15.000
</record>
<record label="Springfield, MA">
453.000 8039.000 710.000 1212.000 6159.000 3525.000 3466.000 1514.000 5289.000 288.000 -72.588 42.100 515259.000 20.000
</record>
<record label="Springfield, MO">
544.000 6343.000 577.000 892.000 3828.000 2709.000 1634.000 1737.000 5932.000 289.000 -93.290 37.220 207704.000 25.000
</record>
<record label="Stamford, CT">
648.000 23640.000 2610.000 835.000 3110.000 3029.000 7865.000 1729.000 6158.000 290.000 -73.540 41.053 198854.000 7.000
</record>
<record label="State College, PA">
575.000 8405.000 612.000 540.000 2740.000 3169.000 1271.000 1200.000 4677.000 291.000 -77.867 40.792 112760.000 39.000
</record>
<record label="Steubenville-Weirton, OH-WV">
542.000 6578.000 505.000 418.000 1532.000 2672.000 147.000 1460.000 3744.000 292.000 -80.597 40.376 163099.000 36.000
</record>
<record label="Stockton, CA">
625.000 8474.000 342.000 1395.000 4427.000 2155.000 1579.000 1630.000 5672.000 293.000 -121.285 37.958 347342.000 5.000
</record>
<record label="Syracuse, NY">
548.000 7670.000 1040.000 689.000 6951.000 3144.000 5080.000 2851.000 4474.000 294.000 -76.150 43.052 642971.000 35.000
</record>
<record label="Tacoma, WA">
808.000 7770.000 539.000 1162.000 4730.000 2546.000 4297.000 4000.000 4887.000 295.000 -122.433 47.237 485643.000 48.000
</record>
<record label="Tallahassee, FL">
404.000 8029.000 370.000 1161.000 5530.000 2790.000 2181.000 1936.000 6021.000 296.000 -84.282 30.445 190220.000 10.000
</record>
<record label="Tampa-St. Petersburg-Clearwater, FL">
440.000 7442.000 1189.000 1493.000 5588.000 3044.000 5040.000 2943.000 7256.000 297.000 -82.664 27.955 1613603.000 10.000
</record>
<record label="Terre Haute, IN">
557.000 5527.000 453.000 630.000 3550.000 3012.000 1226.000 1401.000 4353.000 298.000 -87.408 39.467 137247.000 16.000
</record>
<record label="Texarkana, TX-Texarkana, AR">
467.000 5717.000 343.000 822.000 2537.000 2899.000 63.000 669.000 4772.000 299.000 -94.052 33.432 113067.000 44.000
</record>
<record label="Toledo, OH">
518.000 7767.000 1738.000 998.000 5323.000 2852.000 4389.000 1952.000 4534.000 300.000 -83.528 41.591 616864.000 36.000
</record>
<record label="Topeka, KS">
501.000 7110.000 1148.000 999.000 5348.000 2795.000 1632.000 1141.000 5464.000 301.000 -95.670 39.052 154916.000 17.000
</record>
<record label="Trenton, NJ">
636.000 10616.000 1372.000 1181.000 4786.000 3311.000 5029.000 1646.000 5772.000 302.000 -74.767 40.225 307863.000 32.000
</record>
<record label="Tuscon, AZ">
589.000 8548.000 1259.000 1400.000 4397.000 2685.000 4889.000 3131.000 6147.000 303.000 -110.968 32.217 531443.000 4.000
</record>
<record label="Tulsa, OK">
530.000 7498.000 1581.000 1080.000 3758.000 2628.000 4248.000 2024.000 7115.000 304.000 -95.902 36.160 657173.000 37.000
</record>
<record label="Tuscaloosa, AL">
470.000 6464.000 674.000 1014.000 4723.000 2390.000 1432.000 1090.000 4900.000 305.000 -87.567 33.205 137541.000 2.000
</record>
<record label="Tyler, TX">
500.000 7298.000 672.000 955.000 3460.000 3283.000 404.000 631.000 7327.000 306.000 -95.302 32.345 128366.000 44.000
</record>
<record label="Utica-Rome, NY">
548.000 6744.000 391.000 400.000 4592.000 2970.000 858.000 1750.000 5226.000 307.000 -75.341 43.159 320180.000 35.000
</record>
<record label="Vallejo-Fairfield-Napa, CA">
821.000 10503.000 1079.000 964.000 4153.000 2498.000 2962.000 1559.000 5819.000 308.000 -122.194 38.220 334402.000 5.000
</record>
<record label="Vancouver, WA">
768.000 9015.000 517.000 752.000 3817.000 2332.000 1557.000 1464.000 4571.000 309.000 -122.670 45.625 192227.000 48.000
</record>
<record label="Victoria, TX">
336.000 7143.000 260.000 1092.000 2407.000 2696.000 87.000 1410.000 7599.000 310.000 -97.005 28.805 68807.000 44.000
</record>
<record label="Vineland-Millville-Bridgeton, NJ">
615.000 7295.000 807.000 1135.000 4133.000 2747.000 2097.000 1474.000 5023.000 311.000 -75.099 39.438 132866.000 32.000
</record>
<record label="Visalia-Tulare-Porterville, CA">
543.000 7778.000 210.000 1132.000 3094.000 2128.000 511.000 2800.000 5563.000 312.000 -119.219 36.204 245738.000 5.000
</record>
<record label="Waco, TX">
412.000 6106.000 538.000 1166.000 3018.000 2867.000 1141.000 1248.000 6259.000 313.000 -97.142 31.547 170755.000 44.000
</record>
<record label="Washington, DC-MD-VA">
631.000 13724.000 4361.000 1317.000 8236.000 3635.000 21701.000 1578.000 6072.000 314.000 -77.033 38.892 3250822.000 8.000
</record>
<record label="Materbury, CT">
569.000 10024.000 1218.000 789.000 2434.000 2995.000 318.000 946.000 5656.000 315.000 -73.048 41.410 204968.000 7.000
</record>
<record label="Waterloo-Cedar Falls, IA">
347.000 7881.000 925.000 700.000 3351.000 2889.000 3000.000 1900.000 4407.000 316.000 -92.397 42.510 162781.000 13.000
</record>
<record label="Wausau, WI">
308.000 7642.000 818.000 442.000 3496.000 2749.000 761.000 1654.000 4300.000 317.000 -89.640 44.960 111270.000 49.000
</record>
<record label="West Palm Beach-Boca Raton-Delray Beach, FL">
509.000 10512.000 375.000 1783.000 5201.000 3224.000 2888.000 3772.000 7992.000 318.000 -80.218 26.655 576863.000 10.000
</record>
<record label="Wheeling, WV-OH">
542.000 6576.000 791.000 308.000 2450.000 3002.000 422.000 1271.000 4740.000 319.000 -80.723 40.070 185566.000 50.000
</record>
<record label="Wichita, KS">
494.000 7061.000 806.000 1164.000 3933.000 2981.000 2987.000 1508.000 6036.000 320.000 -97.337 37.692 411313.000 17.000
</record>
<record label="Wichita Falls, TX">
456.000 6404.000 549.000 1179.000 2793.000 2747.000 599.000 1126.000 6805.000 321.000 -98.513 33.910 121082.000 44.000
</record>
<record label="Williamsport, PA">
558.000 7284.000 860.000 464.000 3097.000 2906.000 196.000 726.000 3288.000 322.000 -77.003 41.245 118416.000 39.000
</record>
<record label="Wilmington, DE-NJ-MD">
597.000 7927.000 1445.000 1115.000 4532.000 3112.000 4545.000 1923.000 6174.000 323.000 -75.550 39.747 523221.000 9.000
</record>
<record label="Wilmington, NC">
564.000 6858.000 1099.000 1423.000 2904.000 2876.000 1077.000 2668.000 5390.000 324.000 -77.923 34.237 103471.000 28.000
</record>
<record label="Worcester, MA">
562.000 8715.000 1805.000 680.000 3643.000 3299.000 1784.000 910.000 5040.000 325.000 -71.795 42.272 402918.000 20.000
</record>
<record label="Yakima, WA">
535.000 6440.000 317.000 1106.000 3731.000 2491.000 996.000 2140.000 4986.000 326.000 -120.513 46.595 172508.000 48.000
</record>
<record label="York, PA">
540.000 8371.000 713.000 440.000 2267.000 2903.000 1022.000 842.000 4946.000 327.000 -76.728 39.960 381255.000 39.000
</record>
<record label="Youngstown-Warren, OH">
570.000 7021.000 1097.000 938.000 3374.000 2920.000 2797.000 1327.000 3894.000 328.000 -80.729 41.170 531350.000 36.000
</record>
<record label="Yuba City, CA">
608.000 7875.000 212.000 1179.000 2768.000 2387.000 122.000 918.000 4694.000 329.000 -121.622 39.128 101979.000 5.000
</record>
</records>
</data>
</ggobidata>
