<?xml version="1.0"?>
<!DOCTYPE ggobidata SYSTEM "ggobi.dtd">

<ggobidata count="1"> 

<data name="rat cns gene expression">
<description>
Columns:

# four timepoints: from the original data, with En meaning
# embryonic day n, determined by crown-rump length
E11
E13
E15
E18
E21
# postnatal timepoints, with Pn = postnatal day n  (Adult = P90)
P0
P7
P14
Adult
Func.Class.1
Func.Class.2
Cluster

Rows:
Each case is a gene (or gene family?)
And each cell is the gene expression level for that gene at time t,
averaging a few measured values and normalizing using the maximum
expression value for that gene.

Functional classes:

Functional class 1 is the high-level class: its range is 1:4
Functional class 2 breaks down the high-level classes, so its
  range is 1:14

Neuro-Glial Markers
  markers
  neurotransmitter metabolizing enzymes
Neurotransmitter Receptors
  GABA-A receptors
  glutamate receptors
  acetylcholine receptors
  serotonin receptors
Peptide signaling
  neurotrophins
  heparin-binding growth factors
  insulin/IGF
Diverse
  intracellular signalling
  cell cycle
  transcription factor
  novel/EST
  other

Reference (available on the web at pnas.org):
  Large-scale temporal gene expression mapping of central nervous
  system development by X. Wen, S. Fuhrman, G. S. Michaels,
  D. B. Carr, S. Smith, J. L. Barker, R. Somogyi in the Proceedings
  of the National Academy of Science, Vol 95, pp. 334-339,
  January 1998
</description>
<variables count="11">
 <realvariable name="E11"/>
 <realvariable name="E13"/>
 <realvariable name="E15"/>
 <realvariable name="E18"/>
 <realvariable name="E21"/>
 <realvariable name="P0"/>
 <realvariable name="P7"/>
 <realvariable name="P14"/>
 <realvariable name="A"/>
 <categoricalvariable name="Class1" levels="auto" />
 <categoricalvariable name="Class2" levels="auto" />
</variables>
<records count="112" flyph="fc 3">
<record label="keratin" color="0" glyph="fc 3">
1.000 0.200 0.310 0.240 0.400 0.270 0.190 0.050 0.000 1 1
</record>
<record label="cellubrevin" color="0" glyph="fc 3">
1.000 0.770 0.210 0.370 0.400 0.440 0.680 0.690 0.470 1 1
</record>
<record label="nestin" color="0" glyph="fc 3">
0.490 0.630 1.000 0.540 0.290 0.220 0.100 0.100 0.080 1 1
</record>
<record label="MAP2" color="0" glyph="fc 3">
0.020 0.270 0.820 0.870 0.880 0.790 0.760 0.840 1.000 1 1
</record>
<record label="GAP43" color="0" glyph="fc 3">
0.360 0.620 0.700 0.810 0.970 0.960 0.780 0.780 1.000 1 1
</record>
<record label="L1" color="0" glyph="fc 3">
0.060 0.170 0.530 0.960 1.000 0.900 0.510 0.420 0.400 1 1
</record>
<record label="NFL" color="0" glyph="fc 3">
0.030 0.370 0.450 0.660 0.660 0.900 1.000 0.530 0.300 1 1
</record>
<record label="NFM" color="0" glyph="fc 3">
0.020 0.120 0.190 0.150 0.160 0.250 0.240 0.490 1.000 1 1
</record>
<record label="NFH" color="0" glyph="fc 3">
0.040 0.030 0.130 0.280 0.380 0.410 0.470 1.000 0.950 1 1
</record>
<record label="synaptophysin" color="0" glyph="fc 3">
0.080 0.260 0.660 0.620 0.820 0.840 1.000 0.920 0.740 1 1
</record>
<record label="neno" color="0" glyph="fc 3">
0.150 0.380 0.760 0.780 1.000 0.830 0.880 0.850 0.810 1 1
</record>
<record label="S100beta" color="0" glyph="fc 3">
0.020 0.000 0.220 0.570 0.650 0.590 0.630 1.000 0.950 1 1
</record>
<record label="GFAP" color="0" glyph="fc 3">
0.000 0.000 0.000 0.030 0.310 0.430 1.000 0.860 0.750 1 1
</record>
<record label="MOG" color="0" glyph="fc 3">
0.000 0.000 0.000 0.000 0.000 0.180 0.700 1.000 0.870 1 1
</record>
<record label="GAD65" color="0" glyph="fc 3">
0.090 0.290 0.670 1.000 0.840 0.730 0.700 0.610 0.620 1 2
</record>
<record label="pre-GAD67" color="0" glyph="fc 3">
0.050 0.120 0.810 0.990 1.000 0.960 0.810 0.690 0.680 1 2
</record>
<record label="GAD67" color="0" glyph="fc 3">
0.080 0.080 0.300 0.780 1.000 0.890 0.730 0.640 0.580 1 2
</record>
<record label="G67I80/86" color="0" glyph="fc 3">
0.320 0.590 1.000 0.800 0.570 0.430 0.280 0.240 0.130 1 2
</record>
<record label="G67I86" color="0" glyph="fc 3">
0.090 0.260 0.840 1.000 0.530 0.260 0.070 0.030 0.000 1 2
</record>
<record label="GAT1" color="0" glyph="fc 3">
0.150 0.190 1.000 0.680 0.840 0.830 0.860 0.810 0.820 1 2
</record>
<record label="ChAT" color="0" glyph="fc 3">
0.000 0.010 0.250 0.230 0.460 0.420 0.560 0.710 1.000 1 2
</record>
<record label="ACHE" color="0" glyph="fc 3">
0.040 0.100 0.390 0.650 0.780 0.830 1.000 0.920 0.940 1 2
</record>
<record label="ODC" color="0" glyph="fc 3">
0.920 1.000 0.900 0.800 0.780 0.780 0.700 0.660 0.560 1 2
</record>
<record label="TH" color="0" glyph="fc 3">
0.520 1.000 0.820 0.660 0.530 0.570 0.190 0.230 0.000 1 2
</record>
<record label="NOS" color="0" glyph="fc 3">
0.050 0.150 0.730 0.680 0.930 1.000 0.860 0.700 0.480 1 2
</record>
<record label="GRa1" color="0" glyph="fc 3">
0.300 0.410 0.530 0.640 0.680 0.780 0.850 0.970 1.000 2 3
</record>
<record label="GRa2" color="0" glyph="fc 3">
0.010 0.050 0.590 0.800 0.800 0.880 0.790 0.930 1.000 2 3
</record>
<record label="GRa3" color="0" glyph="fc 3">
0.170 0.160 0.900 1.000 0.920 0.790 0.640 0.840 0.730 2 3
</record>
<record label="GRa4" color="0" glyph="fc 3">
0.010 0.190 0.530 0.810 1.000 0.930 0.670 0.530 0.220 2 3
</record>
<record label="GRa5" color="0" glyph="fc 3">
0.060 0.060 0.540 0.940 0.980 0.940 0.830 1.000 0.870 2 3
</record>
<record label="GRb1" color="0" glyph="fc 3">
0.000 0.000 0.330 0.580 0.570 0.530 0.540 1.000 0.510 2 3
</record>
<record label="GRb2" color="0" glyph="fc 3">
0.000 0.000 0.000 1.000 0.580 0.660 0.660 0.270 0.170 2 3
</record>
<record label="GRb3" color="0" glyph="fc 3">
0.270 0.360 0.740 0.740 0.810 0.790 0.690 1.000 0.570 2 3
</record>
<record label="GRg1" color="0" glyph="fc 3">
0.010 0.030 0.230 0.500 0.480 0.580 0.550 0.970 1.000 2 3
</record>
<record label="GRg2" color="0" glyph="fc 3">
0.000 0.320 0.730 0.830 0.810 0.630 0.540 0.650 1.000 2 3
</record>
<record label="GRg3" color="0" glyph="fc 3">
0.130 0.180 0.540 0.850 1.000 0.920 0.690 0.730 0.610 2 3
</record>
<record label="mGluR1" color="0" glyph="fc 3">
0.000 0.000 0.000 0.200 0.210 0.250 0.180 0.450 1.000 2 4
</record>
<record label="mGluR2" color="0" glyph="fc 3">
0.000 0.420 0.360 0.860 0.830 1.000 0.750 0.110 0.250 2 4
</record>
<record label="mGluR3" color="0" glyph="fc 3">
0.020 0.070 0.400 0.790 0.900 0.780 0.660 0.920 1.000 2 4
</record>
<record label="mGluR4" color="0" glyph="fc 3">
0.000 0.000 0.140 0.290 0.900 1.000 0.710 0.380 0.520 2 4
</record>
<record label="mGluR5" color="0" glyph="fc 3">
0.000 0.000 0.160 1.000 0.800 0.760 0.730 0.500 0.610 2 4
</record>
<record label="mGluR6" color="0" glyph="fc 3">
0.000 0.140 0.640 0.680 0.910 1.000 0.480 0.090 0.180 2 4
</record>
<record label="mGluR7" color="0" glyph="fc 3">
0.000 0.120 0.310 0.870 0.920 0.870 0.640 1.000 0.760 2 4
</record>
<record label="mGluR8" color="0" glyph="fc 3">
0.200 0.000 1.000 0.870 0.970 0.830 0.500 0.500 0.330 2 4
</record>
<record label="NMDA1" color="0" glyph="fc 3">
0.000 0.000 0.190 1.000 0.840 0.880 0.870 0.430 0.500 2 4
</record>
<record label="NMDA2A" color="0" glyph="fc 3">
0.000 0.000 0.000 0.000 0.000 0.060 0.140 0.380 1.000 2 4
</record>
<record label="NMDA2B" color="0" glyph="fc 3">
0.070 0.000 0.490 0.730 0.710 0.680 0.490 0.810 1.000 2 4
</record>
<record label="NMDA2C" color="0" glyph="fc 3">
0.000 0.000 0.000 0.380 0.680 1.000 0.590 0.210 0.340 2 4
</record>
<record label="NMDA2D" color="0" glyph="fc 3">
0.670 0.620 0.330 0.760 0.990 1.000 0.500 0.320 0.220 2 4
</record>
<record label="nAChRa2" color="0" glyph="fc 3">
0.000 0.000 0.000 0.380 0.880 1.000 0.810 0.690 0.500 2 5
</record>
<record label="nAChRa3" color="0" glyph="fc 3">
0.010 0.150 0.940 0.600 0.880 1.000 0.590 0.470 0.250 2 5
</record>
<record label="nAChRa4" color="0" glyph="fc 3">
0.140 0.690 1.000 0.690 0.890 0.850 0.680 0.610 0.140 2 5
</record>
<record label="nAChRa5" color="0" glyph="fc 3">
0.230 0.830 1.000 0.860 0.880 0.790 0.620 0.350 0.350 2 5
</record>
<record label="nAChRa6" color="0" glyph="fc 3">
0.940 1.000 0.190 0.500 0.310 0.690 0.690 0.000 0.000 2 5
</record>
<record label="nAChRa7" color="0" glyph="fc 3">
0.470 0.110 0.120 0.890 1.000 0.940 0.740 0.910 0.500 2 5
</record>
<record label="nAChRd" color="0" glyph="fc 3">
0.380 1.000 0.000 0.000 0.000 0.000 0.000 0.000 0.000 2 5
</record>
<record label="nAChRe" color="0" glyph="fc 3">
0.000 0.000 1.000 0.270 0.000 0.040 0.000 0.000 0.150 2 5
</record>
<record label="mAChR2" color="0" glyph="fc 3">
0.040 0.030 0.260 0.690 0.780 0.800 0.970 1.000 0.530 2 5
</record>
<record label="mAChR3" color="0" glyph="fc 3">
0.110 0.180 0.290 0.500 1.000 0.980 0.370 0.390 0.110 2 5
</record>
<record label="mAChR4" color="0" glyph="fc 3">
0.290 0.200 0.090 0.200 0.460 0.490 0.640 1.000 0.590 2 5
</record>
<record label="5HT1b" color="0" glyph="fc 3">
0.150 0.340 0.560 0.760 1.000 0.990 0.700 0.630 0.300 2 6
</record>
<record label="5HT1c" color="0" glyph="fc 3">
0.000 0.000 0.110 0.580 0.730 0.810 1.000 0.920 0.820 2 6
</record>
<record label="5HT2" color="0" glyph="fc 3">
0.150 0.100 0.430 0.810 1.000 0.830 0.790 0.640 0.540 2 6
</record>
<record label="5HT3" color="0" glyph="fc 3">
0.140 0.140 0.520 0.760 0.760 1.000 0.720 0.170 0.030 2 6
</record>
<record label="NGF" color="0" glyph="fc 3">
0.300 0.590 0.140 0.200 0.180 0.240 0.170 0.350 1.000 3 7
</record>
<record label="NT3" color="0" glyph="fc 3">
0.630 1.000 0.750 0.360 0.480 0.330 0.000 0.050 0.360 3 7
</record>
<record label="BDNF" color="0" glyph="fc 3">
0.660 1.000 0.640 0.950 1.000 0.840 0.590 0.550 0.440 3 7
</record>
<record label="CNTF" color="0" glyph="fc 3">
0.640 0.660 0.270 0.260 0.400 0.760 0.870 0.900 1.000 3 7
</record>
<record label="trk" color="0" glyph="fc 3">
0.000 0.300 1.000 0.190 0.070 0.090 0.070 0.040 0.000 3 7
</record>
<record label="trkB" color="0" glyph="fc 3">
0.060 0.090 1.000 0.410 0.520 0.540 0.570 0.500 0.590 3 7
</record>
<record label="trkC" color="0" glyph="fc 3">
0.150 0.420 1.000 0.700 0.820 0.970 0.750 0.980 0.980 3 7
</record>
<record label="CNTFR" color="0" glyph="fc 3">
0.850 0.960 0.960 0.890 1.000 0.910 0.810 0.840 0.950 3 7
</record>
<record label="MK2" color="0" glyph="fc 3">
0.680 1.000 0.790 0.550 0.430 0.500 0.590 0.470 0.270 3 8
</record>
<record label="PTN" color="0" glyph="fc 3">
0.800 0.900 1.000 0.760 0.750 0.700 0.820 0.900 0.630 3 8
</record>
<record label="GDNF" color="0" glyph="fc 3">
1.000 0.880 0.200 0.270 0.540 0.540 0.390 0.240 0.120 3 8
</record>
<record label="EGF" color="0" glyph="fc 3">
0.390 0.500 0.200 0.370 0.580 0.900 0.970 0.190 1.000 3 8
</record>
<record label="bFGF" color="0" glyph="fc 3">
0.010 0.080 0.100 0.310 0.550 0.680 0.740 0.740 1.000 3 8
</record>
<record label="aFGF" color="0" glyph="fc 3">
0.010 0.040 0.160 0.210 0.480 0.420 0.690 0.640 1.000 3 8
</record>
<record label="PDGFa" color="0" glyph="fc 3">
0.870 0.710 0.680 0.830 0.870 0.750 0.770 1.000 1.000 3 8
</record>
<record label="PDGFb" color="0" glyph="fc 3">
0.550 1.000 0.550 0.500 0.090 0.000 0.000 0.000 0.000 3 8
</record>
<record label="EGFR" color="0" glyph="fc 3">
0.270 0.480 0.330 0.500 1.000 0.780 0.910 0.760 0.260 3 8
</record>
<record label="FGFR" color="0" glyph="fc 3">
1.000 0.920 0.610 0.750 0.880 0.860 0.760 0.840 0.890 3 8
</record>
<record label="PDGFR" color="0" glyph="fc 3">
0.820 1.000 0.980 0.320 0.320 0.320 0.320 0.280 0.500 3 8
</record>
<record label="TGFR" color="0" glyph="fc 3">
0.600 0.820 1.000 0.720 0.570 0.560 0.680 0.820 0.820 3 8
</record>
<record label="Ins1" color="0" glyph="fc 3">
1.000 0.000 0.000 0.000 0.000 0.000 0.000 0.000 0.000 3 9
</record>
<record label="Ins2" color="0" glyph="fc 3">
1.000 0.850 0.710 0.710 0.730 0.650 0.640 0.470 0.980 3 9
</record>
<record label="IGF.I" color="0" glyph="fc 3">
0.770 0.980 0.910 0.850 1.000 0.970 0.790 0.780 0.810 3 9
</record>
<record label="IGF.II" color="0" glyph="fc 3">
0.900 1.000 0.840 0.780 0.540 0.570 0.430 0.400 0.190 3 9
</record>
<record label="InsR" color="0" glyph="fc 3">
0.670 0.660 0.980 0.950 1.000 0.960 0.790 0.320 0.370 3 9
</record>
<record label="IGFR1" color="0" glyph="fc 3">
0.770 0.630 1.000 0.620 0.520 0.610 0.380 0.560 0.590 3 9
</record>
<record label="IGFR2" color="0" glyph="fc 3">
1.000 0.690 0.860 0.730 0.560 0.510 0.420 0.310 0.280 3 9
</record>
<record label="CRAF" color="0" glyph="fc 3">
0.880 0.860 0.900 0.940 1.000 0.990 0.700 0.350 0.620 4 10
</record>
<record label="IP3R1" color="0" glyph="fc 3">
0.870 0.710 0.550 0.580 0.600 0.710 0.700 1.000 0.600 4 10
</record>
<record label="IP3R2" color="0" glyph="fc 3">
0.480 0.420 0.650 0.620 0.680 0.620 0.810 0.940 1.000 4 10
</record>
<record label="IP3R3" color="0" glyph="fc 3">
0.620 0.720 0.620 0.490 0.870 1.000 0.360 0.280 0.180 4 10
</record>
<record label="cyclin.A" color="0" glyph="fc 3">
1.000 0.910 0.970 0.860 0.950 0.770 0.810 0.640 0.630 4 11
</record>
<record label="cyclin.B" color="0" glyph="fc 3">
0.990 0.990 1.000 0.490 0.520 0.470 0.420 0.230 0.020 4 11
</record>
<record label="H2AZ" color="0" glyph="fc 3">
0.870 0.940 0.880 1.000 0.930 0.880 0.810 0.680 0.830 4 11
</record>
<record label="statin" color="0" glyph="fc 3">
0.000 0.010 0.560 0.730 0.990 0.990 0.960 0.860 1.000 4 11
</record>
<record label="cjun" color="0" glyph="fc 3">
0.230 0.460 0.490 0.350 0.450 0.400 0.420 0.510 1.000 4 12
</record>
<record label="cfos" color="0" glyph="fc 3">
0.110 0.110 0.200 0.310 0.360 0.590 0.390 0.350 1.000 4 12
</record>
<record label="Brm" color="0" glyph="fc 3">
0.810 1.000 0.610 0.660 0.550 0.500 0.340 0.410 0.270 4 12
</record>
<record label="TCP" color="0" glyph="fc 3">
0.900 0.850 0.860 0.880 0.980 1.000 0.990 0.910 0.720 4 12
</record>
<record label="actin" color="0" glyph="fc 3">
0.810 0.720 0.720 0.680 0.850 1.000 0.890 0.850 0.960 4 13
</record>
<record label="SOD" color="0" glyph="fc 3">
0.910 0.570 0.570 0.470 0.600 0.930 0.710 0.660 1.000 4 13
</record>
<record label="CCO1" color="0" glyph="fc 3">
0.840 0.690 0.750 1.000 0.770 0.730 0.800 0.640 0.770 4 13
</record>
<record label="CCO2" color="0" glyph="fc 3">
1.000 0.570 0.530 0.760 0.570 0.590 0.750 0.540 0.700 4 13
</record>
<record label="SC1" color="0" glyph="fc 3">
1.000 1.000 0.670 0.720 0.870 0.730 0.640 0.410 0.300 4 14
</record>
<record label="SC2" color="0" glyph="fc 3">
0.510 0.420 0.720 0.750 1.000 0.710 0.740 0.650 0.350 4 14
</record>
<record label="SC6" color="0" glyph="fc 3">
1.000 0.970 0.000 0.000 0.000 0.000 0.000 0.000 0.000 4 14
</record>
<record label="SC7" color="0" glyph="fc 3">
0.340 0.470 1.000 0.860 0.740 0.590 0.310 0.190 0.160 4 14
</record>
<record label="DD63.2" color="0" glyph="fc 3">
0.680 0.630 0.700 0.720 0.740 0.680 0.650 0.790 1.000 4 14
</record>
</records>
</data>
</ggobidata>
