<?xml version="1.0"?>
<!DOCTYPE ggobidata SYSTEM "ggobi.dtd">

<ggobidata>
<brush color="4" glyph="fc 3" />

<data>
<description>
This data was taken from the web site
http://www.the-shipman-inquiry.org.uk, which describes an
investigation into the convicted murderer Dr. Harold Shipman.
Shipman had lived in Hyde, England, it's been determined that
he killed at least 215 of his patients during his 23 years of
medical practice.

The records are ordered by time.

A number of cases (a few hundred?) were excluded from consideration:
patients of Shipman's who had remained alive and well for some time
after his last visit, for instance, or patients who died in hospital
after significant treatment, or those who died abroad or in
accidents.  So these are all cases where Shipman could not be
quickly excluded from consideration.

It is reported that one early clue was the clustering of deaths
at certain times of day, but the time of death isn't available
on the web site.

This material is protected by Crown copyright.
</description>

<variables count="7">
  <countervariable name="id"/>
  <realvariable name="age"/>
  <categoricalvariable name="month">
   <levels count="12">
    <level value="1"> Jan </level>
    <level value="2"> Feb </level>
    <level value="3"> Mar </level>
    <level value="4"> Apr </level>
    <level value="5"> May </level>
    <level value="6"> Jun </level>
    <level value="7"> Jul </level>
    <level value="8"> Aug </level>
    <level value="9"> Sep </level>
    <level value="10"> Oct </level>
    <level value="11"> Nov </level>
    <level value="12"> Dec </level>
   </levels>
  </categoricalvariable>
  <integervariable name="year"/>
  <integervariable name="julian date"/>
  <categoricalvariable name="place" levels="auto"/>
  <categoricalvariable name="cause" levels="auto"/>
</variables>
<records count="508" color="3">

<record label="Ruth Highley">
 <real>72</real><int>5</int><int>1974</int><int>2442178</int><string>Own home</string><string>Natural death</string>
</record>
<record label="Edith Annie Bill">
 <real>67</real><int>6</int><int>1974</int><int>2442221</int><string>Own home</string><string>Natural death</string>
</record>
<record label="Colin Whitham">
 <real>26</real><int>7</int><int>1974</int><int>2442252</int><string>Own home</string><string>Natural death</string>
</record>
<record label="Stanley Uttley">
 <real>58</real><int>8</int><int>1974</int><int>2442262</int><string>Surgery</string><string>Natural death</string>
</record>
<record label="Hena Cheetham">
 <real>77</real><int>10</int><int>1974</int><int>2442330</int><string>Ambulance</string><string>Natural death</string>
</record>
<record label="Harold Edward Jackman">
 <real>78</real><int>11</int><int>1974</int><int>2442362</int><string>Hospital</string><string>Natural death</string>
</record>
<record label="Sean Stuart Callaghan">
 <real>18</real><int>12</int><int>1974</int><int>2442391</int><string>Hospital</string><string>Natural death</string>
</record>
<record label="Moira Kelly">
 <real>26</real><int>12</int><int>1974</int><int>2442398</int><string>Hospital</string><string>Natural death</string>
</record>
<record label="Sarah Ann Thomas">
 <real>86</real><int>12</int><int>1974</int><int>2442411</int><string>Own home</string><string>Insufficient evidence for decision</string>
</record>
<record label="Lily Crossley">
 <real>73</real><int>1</int><int>1975</int><int>2442434</int><string>Own home</string><string>Suspicion of Unlawful killing</string>
</record>
<record label="Robert Henry Lingard">
 <real>62</real><int>1</int><int>1975</int><int>2442434</int><string>Own home</string><string>Suspicion of Unlawful killing</string>
</record>
<record label="Elizabeth Pearce">
 <real>84</real><int>1</int><int>1975</int><int>2442434</int><string>Own home</string><string>Suspicion of Unlawful killing</string>
</record>
<record label="Edward Walker">
 <real>70</real><int>1</int><int>1975</int><int>2442438</int><string>Residential home</string><string>Insufficient evidence for decision</string>
</record>
<record label="Jane Isabella Rowland">
 <real>80</real><int>2</int><int>1975</int><int>2442459</int><string>Own home</string><string>Suspicion of Unlawful killing</string>
</record>
<record label="Alice Brown">
 <real>72</real><int>3</int><int>1975</int><int>2442483</int><string>Own home</string><string>Natural death</string>
</record>
<record label="Jack Wills">
 <real>65</real><int>3</int><int>1975</int><int>2442483</int><string>Own home</string><string>Natural death</string>
</record>
<record label="Eva Lyons">
 <real>70</real><int>3</int><int>1975</int><int>2442489</int><string>Own home</string><string>Unlawful killing</string>
</record>
<record label="Edith Roberts">
 <real>67</real><int>3</int><int>1975</int><int>2442483</int><string>Own home</string><string>Suspicion of Unlawful killing</string>
</record>
<record label="Wilbert Mitchell">
 <real>87</real><int>4</int><int>1975</int><int>2442504</int><string>Own home</string><string>Insufficient evidence for decision</string>
</record>
<record label="Joe Ainscow Stansfield">
 <real>77</real><int>4</int><int>1975</int><int>2442509</int><string>Own home</string><string>Natural death</string>
</record>
<record label="Winifred Isabel Smith">
 <real>67</real><int>4</int><int>1975</int><int>2442510</int><string>Own home</string><string>Insufficient evidence for decision</string>
</record>
<record label="Jane Ellen Lord">
 <real>86</real><int>4</int><int>1975</int><int>2442511</int><string>Own home</string><string>Natural death</string>
</record>
<record label="Michael Connors">
 <real>64</real><int>4</int><int>1975</int><int>2442531</int><string>Own home</string><string>Insufficient evidence for decision</string>
</record>
<record label="Phyllis Oxley">
 <real>59</real><int>5</int><int>1975</int><int>2442559</int><string>Own home</string><string>Natural death</string>
</record>
<record label="Lilian Shaw">
 <real>54</real><int>7</int><int>1975</int><int>2442621</int><string>Own home</string><string>Natural death</string>
</record>
<record label="Leah Pickering">
 <real>86</real><int>8</int><int>1975</int><int>2442629</int><string>Own home</string><string>Natural death</string>
</record>
<record label="Albert Redvers Williams">
 <real>75</real><int>8</int><int>1975</int><int>2442630</int><string>Own home</string><string>Suspicion of Unlawful killing</string>
</record>
<record label="William Earnshaw">
 <real>88</real><int>8</int><int>1975</int><int>2442634</int><string>Daughter's home</string><string>Natural death</string>
</record>
<record label="Mary Ann Tempest">
 <real>70</real><int>9</int><int>1975</int><int>2442657</int><string>Own home</string><string>Natural death</string>
</record>
<record label="Margaret Wilmore">
 <real>38</real><int>9</int><int>1975</int><int>2442683</int><string>Own home</string><string>Natural death</string>
</record>
<record label="Josephine May Carroll">
 <real>81</real><int>10</int><int>1977</int><int>2443425</int><string>Residential home</string><string>Natural death</string>
</record>
<record label="Eveline Robinson">
 <real>77</real><int>11</int><int>1977</int><int>2443469</int><string>Own home</string><string>Insufficient evidence for decision</string>
</record>
<record label="Wilfred Chadwick">
 <real>81</real><int>12</int><int>1977</int><int>2443493</int><string>Own home</string><string>Natural death</string>
</record>
<record label="Eric Wardle">
 <real>60</real><int>1</int><int>1978</int><int>2443518</int><string>Own home</string><string>Suspicion of Unlawful killing</string>
</record>
<record label="William Henry Brown">
 <real>74</real><int>2</int><int>1978</int><int>2443564</int><string>Residential home</string><string>Natural death</string>
</record>
<record label="Lily Shore">
 <real>87</real><int>2</int><int>1978</int><int>2443564</int><string>Residential home</string><string>Natural death</string>
</record>
<record label="Alice Dixon">
 <real>88</real><int>2</int><int>1978</int><int>2443566</int><string>Residential home</string><string>Natural death</string>
</record>
<record label="James Ashworth">
 <real>81</real><int>6</int><int>1978</int><int>2443667</int><string>Own home</string><string>Insufficient evidence for decision</string>
</record>
<record label="Esther Lowe">
 <real>73</real><int>7</int><int>1978</int><int>2443712</int><string>Residential home</string><string>Natural death</string>
</record>
<record label="Reginald Potts">
 <real>83</real><int>7</int><int>1978</int><int>2443719</int><string>Own home</string><string>Insufficient evidence for decision</string>
</record>
<record label="Clifford Gess">
 <real>65</real><int>8</int><int>1978</int><int>2443723</int><string>Friend's home</string><string>Natural death</string>
</record>
<record label="Sarah Hannah Marsland">
 <real>86</real><int>8</int><int>1978</int><int>2443728</int><string>Own home</string><string>Unlawful killing</string>
</record>
<record label="Ellen Ashton">
 <real>81</real><int>8</int><int>1978</int><int>2443731</int><string>Residential home</string><string>Natural death</string>
</record>
<record label="Mary Ellen Jordan">
 <real>73</real><int>8</int><int>1978</int><int>2443751</int><string>Own home</string><string>Unlawful killing</string>
</record>
<record label="Hervey Nuttall">
 <real>74</real><int>9</int><int>1978</int><int>2443758</int><string>Own home</string><string>Natural death</string>
</record>
<record label="Thomas Alfred Longmate">
 <real>69</real><int>9</int><int>1978</int><int>2443758</int><string>Own home</string><string>Suspicion of Unlawful killing</string>
</record>
<record label="Christina Harrison">
 <real>96</real><int>9</int><int>1978</int><int>2443769</int><string>Residential home</string><string>Natural death</string>
</record>
<record label="Emily Williams">
 <real>75</real><int>9</int><int>1978</int><int>2443777</int><string>Daughter's home</string><string>Suspicion of Unlawful killing</string>
</record>
<record label="Winifred Amy Tuffin">
 <real>86</real><int>11</int><int>1978</int><int>2443820</int><string>Residential home</string><string>Natural death</string>
</record>
<record label="Ada Heywood">
 <real>78</real><int>11</int><int>1978</int><int>2443825</int><string>Own home</string><string>Natural death</string>
</record>
<record label="Mary Jane Hett">
 <real>77</real><int>11</int><int>1978</int><int>2443835</int><string>Own home</string><string>Natural death</string>
</record>
<record label="Elsie Royles">
 <real>70</real><int>11</int><int>1978</int><int>2443836</int><string>Own home</string><string>Suspicion of Unlawful killing</string>
</record>
<record label="Ruth Strickland">
 <real>84</real><int>12</int><int>1978</int><int>2443845</int><string>Residential home</string><string>Natural death</string>
</record>
<record label="Robert Hickson">
 <real>76</real><int>12</int><int>1978</int><int>2443848</int><string>Own home</string><string>Suspicion of Unlawful killing</string>
</record>
<record label="Harold Bramwell">
 <real>73</real><int>12</int><int>1978</int><int>2443850</int><string>Own home</string><string>Unlawful killing</string>
</record>
<record label="Ellen Kelly">
 <real>82</real><int>12</int><int>1978</int><int>2443852</int><string>Residential home</string><string>Natural death</string>
</record>
<record label="Esther Hannah Roberts">
 <real>89</real><int>12</int><int>1978</int><int>2443863</int><string>Own home</string><string>Natural death</string>
</record>
<record label="Annie Campbell">
 <real>88</real><int>12</int><int>1978</int><int>2443863</int><string>Own home</string><string>Unlawful killing</string>
</record>
<record label="Albert Slater">
 <real>79</real><int>1</int><int>1979</int><int>2443885</int><string>Own home</string><string>Insufficient evidence for decision</string>
</record>
<record label="Annie Wilkinson">
 <real>81</real><int>1</int><int>1979</int><int>2443885</int><string>Own home</string><string>Natural death</string>
</record>
<record label="Harriet Harris">
 <real>77</real><int>1</int><int>1979</int><int>2443896</int><string>Own home</string><string>Natural death</string>
</record>
<record label="Ernest Shawcross">
 <real>74</real><int>3</int><int>1979</int><int>2443944</int><string>Own home</string><string>Natural death</string>
</record>
<record label="Agnes Edge">
 <real>87</real><int>3</int><int>1979</int><int>2443953</int><string>Residential home</string><string>Natural death</string>
</record>
<record label="Stanley Riley">
 <real>77</real><int>4</int><int>1979</int><int>2443978</int><string>Own home</string><string>Natural death</string>
</record>
<record label="Mary Alice Garratt">
 <real>86</real><int>5</int><int>1979</int><int>2443995</int><string>Residential home</string><string>Natural death</string>
</record>
<record label="Sydney Walton">
 <real>57</real><int>5</int><int>1979</int><int>2443996</int><string>Own home</string><string>Insufficient evidence for decision</string>
</record>
<record label="Richard Johnson">
 <real>89</real><int>5</int><int>1979</int><int>2443997</int><string>Own home</string><string>Natural death</string>
</record>
<record label="Gertrude McLoughlin">
 <real>83</real><int>5</int><int>1979</int><int>2444004</int><string>Own home</string><string>Natural death</string>
</record>
<record label="William Hill Wareing">
 <real>61</real><int>5</int><int>1979</int><int>2444011</int><string>Own home</string><string>Natural death</string>
</record>
<record label="Florence Leach">
 <real>92</real><int>5</int><int>1979</int><int>2444024</int><string>Residential home</string><string>Natural death</string>
</record>
<record label="Arthur Floyd">
 <real>97</real><int>7</int><int>1979</int><int>2444060</int><string>Residential home</string><string>Natural death</string>
</record>
<record label="Lavinia Wharmby">
 <real>88</real><int>7</int><int>1979</int><int>2444073</int><string>Own home</string><string>Suspicion of Unlawful killing</string>
</record>
<record label="Elsie King">
 <real>84</real><int>7</int><int>1979</int><int>2444084</int><string>Residential home</string><string>Natural death</string>
</record>
<record label="Sarah Adkinson">
 <real>76</real><int>8</int><int>1979</int><int>2444088</int><string>Own home</string><string>Natural death</string>
</record>
<record label="Fanny Dawson">
 <real>68</real><int>8</int><int>1979</int><int>2444090</int><string>Own home</string><string>Suspicion of Unlawful killing</string>
</record>
<record label="Hannah Helena Mottram">
 <real>69</real><int>8</int><int>1979</int><int>2444091</int><string>Own home</string><string>Suspicion of Unlawful killing</string>
</record>
<record label="Maud Matley">
 <real>88</real><int>8</int><int>1979</int><int>2444094</int><string>Residential home</string><string>Natural death</string>
</record>
<record label="Alice Maude Gorton">
 <real>76</real><int>8</int><int>1979</int><int>2444096</int><string>Own home</string><string>Unlawful killing</string>
</record>
<record label="Frederick Vickers">
 <real>66</real><int>8</int><int>1979</int><int>2444099</int><string>Own home</string><string>Suspicion of Unlawful killing</string>
</record>
<record label="Edith Graham">
 <real>72</real><int>8</int><int>1979</int><int>2444104</int><string>Own home</string><string>Insufficient evidence for decision</string>
</record>
<record label="Leonora Hamblett">
 <real>78</real><int>8</int><int>1979</int><int>2444111</int><string>Own home</string><string>Natural death</string>
</record>
<record label="Dora Elizabeth Smith">
 <real>83</real><int>8</int><int>1979</int><int>2444111</int><string>Residential home</string><string>Natural death</string>
</record>
<record label="Mary Kingsley">
 <real>91</real><int>9</int><int>1979</int><int>2444147</int><string>Residential home</string><string>Natural death</string>
</record>
<record label="Ada Marjorie Preston">
 <real>68</real><int>10</int><int>1979</int><int>2444156</int><string>Own home</string><string>Natural death</string>
</record>
<record label="Leah Johnston">
 <real>80</real><int>11</int><int>1979</int><int>2444189</int><string>Residential home</string><string>Suspicion of Unlawful killing</string>
</record>
<record label="Jack Leslie Shelmerdine">
 <real>77</real><int>11</int><int>1979</int><int>2444206</int><string>Hospital</string><string>Unlawful killing</string>
</record>
<record label="Norman Adshead">
 <real>84</real><int>12</int><int>1979</int><int>2444213</int><string>Residential home</string><string>Natural death</string>
</record>
<record label="Alice Chappell">
 <real>85</real><int>12</int><int>1979</int><int>2444231</int><string>Own home</string><string>Natural death</string>
</record>
<record label="Bethel Anne Evans">
 <real>92</real><int>1</int><int>1980</int><int>2444242</int><string>Residential home</string><string>Suspicion of Unlawful killing</string>
</record>
<record label="Charles Henry Wood">
 <real>83</real><int>2</int><int>1980</int><int>2444272</int><string>Own home</string><string>Natural death</string>
</record>
<record label="Edgar Dobb">
 <real>79</real><int>2</int><int>1980</int><int>2444277</int><string>Own home</string><string>Natural death</string>
</record>
<record label="Frederick Coomber">
 <real>81</real><int>2</int><int>1980</int><int>2444280</int><string>Residential home</string><string>Insufficient evidence for decision</string>
</record>
<record label="Norman John Bell">
 <real>72</real><int>2</int><int>1980</int><int>2444282</int><string>Own home</string><string>Natural death</string>
</record>
<record label="Fanny Wood">
 <real>89</real><int>3</int><int>1980</int><int>2444313</int><string>Residential home</string><string>Natural death</string>
</record>
<record label="Miriam Davies">
 <real>66</real><int>3</int><int>1980</int><int>2444321</int><string>Own home</string><string>Natural death</string>
</record>
<record label="Miriam Rose Emily Mycock">
 <real>91</real><int>4</int><int>1980</int><int>2444333</int><string>Residential home</string><string>Insufficient evidence for decision</string>
</record>
<record label="Nellie Gee">
 <real>79</real><int>4</int><int>1980</int><int>2444336</int><string>Own home</string><string>Natural death</string>
</record>
<record label="Clara Ethel Aveyard">
 <real>90</real><int>4</int><int>1980</int><int>2444342</int><string>Residential home</string><string>Natural death</string>
</record>
<record label="Hannah Cartwright">
 <real>83</real><int>5</int><int>1980</int><int>2444361</int><string>Residential home</string><string>Natural death</string>
</record>
<record label="Mary Ann Mansfield">
 <real>84</real><int>6</int><int>1980</int><int>2444414</int><string>Own home</string><string>Insufficient evidence for decision</string>
</record>
<record label="Sarah Hawkins">
 <real>77</real><int>7</int><int>1980</int><int>2444444</int><string>Residential home</string><string>Natural death</string>
</record>
<record label="Robert Swann">
 <real>92</real><int>9</int><int>1980</int><int>2444512</int><string>Own home</string><string>Insufficient evidence for decision</string>
</record>
<record label="Sarah Tideswell">
 <real>85</real><int>10</int><int>1980</int><int>2444543</int><string>Residential home</string><string>Natural death</string>
</record>
<record label="Hannah Everall">
 <real>78</real><int>11</int><int>1980</int><int>2444546</int><string>Own home</string><string>Natural death</string>
</record>
<record label="Bertha Bagshaw">
 <real>88</real><int>11</int><int>1980</int><int>2444561</int><string>Own home</string><string>Insufficient evidence for decision</string>
</record>
<record label="Lily Acton">
 <real>91</real><int>12</int><int>1980</int><int>2444598</int><string>Own home</string><string>Natural death</string>
</record>
<record label="Leonard Shaw">
 <real>85</real><int>1</int><int>1981</int><int>2444612</int><string>Own home</string><string>Insufficient evidence for decision</string>
</record>
<record label="Caroline Veronica Hammond">
 <real>70</real><int>1</int><int>1981</int><int>2444623</int><string>Own home</string><string>Natural death</string>
</record>
<record label="Samuel Oldham">
 <real>69</real><int>3</int><int>1981</int><int>2444666</int><string>Own home</string><string>Natural death</string>
</record>
<record label="Mary Elizabeth Firman">
 <real>87</real><int>3</int><int>1981</int><int>2444669</int><string>Residential home</string><string>Natural death</string>
</record>
<record label="May Slater">
 <real>84</real><int>4</int><int>1981</int><int>2444713</int><string>Own home</string><string>Unlawful killing</string>
</record>
<record label="Emmeline Swindells">
 <real>86</real><int>4</int><int>1981</int><int>2444715</int><string>Residential home</string><string>Natural death</string>
</record>
<record label="William James McLaren">
 <real>86</real><int>4</int><int>1981</int><int>2444723</int><string>Residential home</string><string>Natural death</string>
</record>
<record label="Cyril Mitchell">
 <real>60</real><int>5</int><int>1981</int><int>2444729</int><string>Own home</string><string>Insufficient evidence for decision</string>
</record>
<record label="Albert Arrandale">
 <real>77</real><int>5</int><int>1981</int><int>2444737</int><string>Own home</string><string>Natural death</string>
</record>
<record label="Alice Bolland">
 <real>80</real><int>5</int><int>1981</int><int>2444741</int><string>Residential home</string><string>Natural death</string>
</record>
<record label="Frances Bennett">
 <real>82</real><int>5</int><int>1981</int><int>2444752</int><string>Residential home</string><string>Natural death</string>
</record>
<record label="Rosetta Pedley">
 <real>67</real><int>6</int><int>1981</int><int>2444758</int><string>Own home</string><string>Natural death</string>
</record>
<record label="Violet Mary Whittaker">
 <real>59</real><int>6</int><int>1981</int><int>2444779</int><string>Own home</string><string>Natural death</string>
</record>
<record label="Florence Taylor">
 <real>93</real><int>6</int><int>1981</int><int>2444783</int><string>Own home</string><string>Suspicion of Unlawful killing</string>
</record>
<record label="Florence Sidebotham">
 <real>83</real><int>6</int><int>1981</int><int>2444785</int><string>Residential home</string><string>Insufficient evidence for decision</string>
</record>
<record label="Ellen Frances Wharam">
 <real>91</real><int>7</int><int>1981</int><int>2444791</int><string>Residential home</string><string>Insufficient evidence for decision</string>
</record>
<record label="Elsie Lewis">
 <real>88</real><int>7</int><int>1981</int><int>2444802</int><string>Residential home</string><string>Natural death</string>
</record>
<record label="Ethel Doris Holgate">
 <real>91</real><int>7</int><int>1981</int><int>2444804</int><string>Residential home</string><string>Natural death</string>
</record>
<record label="Alline Devolle Holland">
 <real>84</real><int>8</int><int>1981</int><int>2444820</int><string>Residential home</string><string>Insufficient evidence for decision</string>
</record>
<record label="Emma Smith">
 <real>85</real><int>8</int><int>1981</int><int>2444842</int><string>Own home</string><string>Natural death</string>
</record>
<record label="Elizabeth Ashworth">
 <real>81</real><int>8</int><int>1981</int><int>2444843</int><string>Own home</string><string>Unlawful killing</string>
</record>
<record label="Ann Coulthard">
 <real>75</real><int>9</int><int>1981</int><int>2444856</int><string>Own home</string><string>Suspicion of Unlawful killing</string>
</record>
<record label="William Givens">
 <real>77</real><int>9</int><int>1981</int><int>2444876</int><string>Own home</string><string>Suspicion of Unlawful killing</string>
</record>
<record label="Elsie Scott">
 <real>86</real><int>10</int><int>1981</int><int>2444884</int><string>Residential home</string><string>Suspicion of Unlawful killing</string>
</record>
<record label="Mark Wimpeney">
 <real>86</real><int>10</int><int>1981</int><int>2444884</int><string>Own home</string><string>Insufficient evidence for decision</string>
</record>
<record label="Mary Elizabeth Bowers">
 <real>86</real><int>11</int><int>1981</int><int>2444919</int><string>Residential home</string><string>Natural death</string>
</record>
<record label="Samuel Harrison">
 <real>87</real><int>1</int><int>1982</int><int>2444979</int><string>Own home</string><string>Suspicion of Unlawful killing</string>
</record>
<record label="Alice Squirrell">
 <real>81</real><int>1</int><int>1982</int><int>2444991</int><string>Residential home</string><string>Natural death</string>
</record>
<record label="Florence Slater">
 <real>88</real><int>2</int><int>1982</int><int>2445007</int><string>Own home</string><string>Natural death</string>
</record>
<record label="William Henry Leech">
 <real>84</real><int>2</int><int>1982</int><int>2445019</int><string>Own home</string><string>Natural death</string>
</record>
<record label="Alice Holt">
 <real>75</real><int>2</int><int>1982</int><int>2445024</int><string>Own home</string><string>Suspicion of Unlawful killing</string>
</record>
<record label="William Baxter">
 <real>70</real><int>3</int><int>1982</int><int>2445033</int><string>Own home</string><string>Insufficient evidence for decision</string>
</record>
<record label="Edith Leech">
 <real>83</real><int>3</int><int>1982</int><int>2445037</int><string>Residential home</string><string>Insufficient evidence for decision</string>
</record>
<record label="Fred Davies">
 <real>76</real><int>3</int><int>1982</int><int>2445045</int><string>Own home</string><string>Natural death</string>
</record>
<record label="George Charnock">
 <real>81</real><int>3</int><int>1982</int><int>2445055</int><string>Own home</string><string>Natural death</string>
</record>
<record label="Louisa Stocks">
 <real>80</real><int>3</int><int>1982</int><int>2445058</int><string>Residential home</string><string>Suspicion of Unlawful killing</string>
</record>
<record label="Annie Rowbottom">
 <real>91</real><int>5</int><int>1982</int><int>2445091</int><string>Residential home</string><string>Natural death</string>
</record>
<record label="Annie Parkes">
 <real>94</real><int>6</int><int>1982</int><int>2445126</int><string>Residential home</string><string>Natural death</string>
</record>
<record label="Wilfred Leigh">
 <real>74</real><int>6</int><int>1982</int><int>2445151</int><string>Own home</string><string>Suspicion of Unlawful killing</string>
</record>
<record label="Emma Hirst">
 <real>86</real><int>7</int><int>1982</int><int>2445159</int><string>Residential home</string><string>Natural death</string>
</record>
<record label="Norah Johnson">
 <real>76</real><int>7</int><int>1982</int><int>2445159</int><string>Own home</string><string>Natural death</string>
</record>
<record label="Alice Smith">
 <real>74</real><int>8</int><int>1982</int><int>2445193</int><string>Own home</string><string>Natural death</string>
</record>
<record label="Ivy Elizabeth Challinor">
 <real>83</real><int>9</int><int>1982</int><int>2445223</int><string>Residential home</string><string>Natural death</string>
</record>
<record label="May Vizor">
 <real>57</real><int>12</int><int>1982</int><int>2445319</int><string>Own home</string><string>Natural death</string>
</record>
<record label="Percy Ward">
 <real>90</real><int>1</int><int>1983</int><int>2445339</int><string>Own home</string><string>Unlawful killing</string>
</record>
<record label="Frances Clayton">
 <real>87</real><int>1</int><int>1983</int><int>2445342</int><string>Residential home</string><string>Natural death</string>
</record>
<record label="Hannah Moss">
 <real>82</real><int>3</int><int>1983</int><int>2445409</int><string>Residential home</string><string>Natural death</string>
</record>
<record label="Margaret Metcalfe">
 <real>84</real><int>5</int><int>1983</int><int>2445468</int><string>Residential home</string><string>Natural death</string>
</record>
<record label="Mary Alice Brown">
 <real>85</real><int>5</int><int>1983</int><int>2445470</int><string>Residential home</string><string>Natural death</string>
</record>
<record label="Charles MacConnell">
 <real>72</real><int>5</int><int>1983</int><int>2445479</int><string>Own home</string><string>Suspicion of Unlawful killing</string>
</record>
<record label="Moira Ashton Fox">
 <real>77</real><int>6</int><int>1983</int><int>2445514</int><string>Own home</string><string>Unlawful killing</string>
</record>
<record label="Violet Nicholls">
 <real>83</real><int>7</int><int>1983</int><int>2445528</int><string>Residential home</string><string>Natural death</string>
</record>
<record label="George Winston">
 <real>80</real><int>7</int><int>1983</int><int>2445529</int><string>Own home</string><string>Natural death</string>
</record>
<record label="Ethel Buckley">
 <real>89</real><int>9</int><int>1983</int><int>2445607</int><string>Residential home</string><string>Natural death</string>
</record>
<record label="Olive Winston">
 <real>93</real><int>10</int><int>1983</int><int>2445620</int><string>Residential home</string><string>Natural death</string>
</record>
<record label="Mary Taylor">
 <real>78</real><int>11</int><int>1983</int><int>2445667</int><string>Own home</string><string>Natural death</string>
</record>
<record label="Dorothy Tucker">
 <real>51</real><int>1</int><int>1984</int><int>2445707</int><string>Own home</string><string>Unlawful killing</string>
</record>
<record label="Miriam Bradshaw">
 <real>88</real><int>1</int><int>1984</int><int>2445713</int><string>Residential home</string><string>Insufficient evidence for decision</string>
</record>
<record label="Gladys Heapey">
 <real>69</real><int>1</int><int>1984</int><int>2445727</int><string>Own home</string><string>Insufficient evidence for decision</string>
</record>
<record label="Norah Cheetham">
 <real>83</real><int>1</int><int>1984</int><int>2445730</int><string>Own home</string><string>Natural death</string>
</record>
<record label="Gladys Roberts">
 <real>78</real><int>2</int><int>1984</int><int>2445739</int><string>Own home</string><string>Unlawful killing</string>
</record>
<record label="Doris Bridge">
 <real>83</real><int>3</int><int>1984</int><int>2445786</int><string>Own home</string><string>Suspicion of Unlawful killing</string>
</record>
<record label="Annie Wood">
 <real>82</real><int>3</int><int>1984</int><int>2445786</int><string>Residential home</string><string>Insufficient evidence for decision</string>
</record>
<record label="Christopher Denham">
 <real>97</real><int>3</int><int>1984</int><int>2445786</int><string>Residential home</string><string>Natural death</string>
</record>
<record label="Walter Mansfield">
 <real>83</real><int>3</int><int>1984</int><int>2445790</int><string>Daughter's home</string><string>Suspicion of Unlawful killing</string>
</record>
<record label="Joseph Bardsley">
 <real>83</real><int>4</int><int>1984</int><int>2445806</int><string>Own home</string><string>Unlawful killing</string>
</record>
<record label="Jessie Irene Wagstaff">
 <real>70</real><int>4</int><int>1984</int><int>2445806</int><string>Own home</string><string>Insufficient evidence for decision</string>
</record>
<record label="Winifred Arrowsmith">
 <real>70</real><int>4</int><int>1984</int><int>2445815</int><string>Own home</string><string>Unlawful killing</string>
</record>
<record label="Thomas Condon">
 <real>73</real><int>5</int><int>1984</int><int>2445827</int><string>Own home</string><string>Insufficient evidence for decision</string>
</record>
<record label="Annie Grimshaw">
 <real>88</real><int>5</int><int>1984</int><int>2445827</int><string>Residential home</string><string>Natural death</string>
</record>
<record label="Caroline Mary Taylor">
 <real>84</real><int>5</int><int>1984</int><int>2445834</int><string>Residential home</string><string>Natural death</string>
</record>
<record label="Mary Ivy Birchall">
 <real>63</real><int>6</int><int>1984</int><int>2445855</int><string>Own home</string><string>Natural death</string>
</record>
<record label="May Warren">
 <real>72</real><int>7</int><int>1984</int><int>2445904</int><string>Own home</string><string>Natural death</string>
</record>
<record label="Laura Victoria Parkin">
 <real>81</real><int>8</int><int>1984</int><int>2445915</int><string>Residential home</string><string>Natural death</string>
</record>
<record label="Mary Elizabeth Haslam">
 <real>77</real><int>8</int><int>1984</int><int>2445920</int><string>Own home</string><string>Natural death</string>
</record>
<record label="Donald Anthony Grundy">
 <real>75</real><int>9</int><int>1984</int><int>2445952</int><string>Own home</string><string>Natural death</string>
</record>
<record label="Mary Winterbottom">
 <real>76</real><int>9</int><int>1984</int><int>2445965</int><string>Own home</string><string>Unlawful killing</string>
</record>
<record label="Lily Nichols">
 <real>80</real><int>9</int><int>1984</int><int>2445970</int><string>Residential home</string><string>Natural death</string>
</record>
<record label="Beatrice Lowe">
 <real>88</real><int>10</int><int>1984</int><int>2445991</int><string>Own home</string><string>Suspicion of Unlawful killing</string>
</record>
<record label="Oscar Meredith">
 <real>78</real><int>11</int><int>1984</int><int>2446018</int><string>Own home</string><string>Insufficient evidence for decision</string>
</record>
<record label="William Hague">
 <real>89</real><int>11</int><int>1984</int><int>2446020</int><string>Residential home</string><string>Natural death</string>
</record>
<record label="Charles Harris">
 <real>70</real><int>11</int><int>1984</int><int>2446028</int><string>Own home</string><string>Suspicion of Unlawful killing</string>
</record>
<record label="Ada Ashworth">
 <real>87</real><int>11</int><int>1984</int><int>2446032</int><string>Own home</string><string>Unlawful killing</string>
</record>
<record label="Joseph Vincent Everall">
 <real>80</real><int>12</int><int>1984</int><int>2446052</int><string>Own home</string><string>Unlawful killing</string>
</record>
<record label="Edith Wibberley">
 <real>76</real><int>12</int><int>1984</int><int>2446053</int><string>Own home</string><string>Unlawful killing</string>
</record>
<record label="Eileen Theresa Cox">
 <real>72</real><int>12</int><int>1984</int><int>2446059</int><string>Own home</string><string>Unlawful killing</string>
</record>
<record label="John Howcroft">
 <real>77</real><int>1</int><int>1985</int><int>2446067</int><string>Own home</string><string>Suspicion of Unlawful killing</string>
</record>
<record label="Edwin Foulkes">
 <real>88</real><int>1</int><int>1985</int><int>2446067</int><string>Own home</string><string>Suspicion of Unlawful killing</string>
</record>
<record label="Peter Lewis">
 <real>41</real><int>1</int><int>1985</int><int>2446068</int><string>Own home</string><string>Unlawful killing</string>
</record>
<record label="Edna Shawcross">
 <real>66</real><int>1</int><int>1985</int><int>2446074</int><string>Own home</string><string>Natural death</string>
</record>
<record label="Frederick Dentith">
 <real>60</real><int>1</int><int>1985</int><int>2446091</int><string>Friend's home</string><string>Natural death</string>
</record>
<record label="May Brookes">
 <real>74</real><int>2</int><int>1985</int><int>2446098</int><string>Own home</string><string>Unlawful killing</string>
</record>
<record label="Christina McCulloch Mackie">
 <real>83</real><int>2</int><int>1985</int><int>2446098</int><string>Residential home</string><string>Natural death</string>
</record>
<record label="Jesse Hampson">
 <real>92</real><int>2</int><int>1985</int><int>2446099</int><string>Own home</string><string>Natural death</string>
</record>
<record label="Ellen Higson">
 <real>84</real><int>2</int><int>1985</int><int>2446101</int><string>Own home</string><string>Unlawful killing</string>
</record>
<record label="Albert Brierley">
 <real>91</real><int>2</int><int>1985</int><int>2446112</int><string>Own home</string><string>Insufficient evidence for decision</string>
</record>
<record label="Margaret Ann Conway">
 <real>69</real><int>2</int><int>1985</int><int>2446112</int><string>Own home</string><string>Unlawful killing</string>
</record>
<record label="Kathleen McDonald">
 <real>73</real><int>2</int><int>1985</int><int>2446119</int><string>Own home</string><string>Unlawful killing</string>
</record>
<record label="Olive Lees">
 <real>81</real><int>3</int><int>1985</int><int>2446142</int><string>Residential home</string><string>Natural death</string>
</record>
<record label="Violet Hadfield">
 <real>74</real><int>5</int><int>1985</int><int>2446210</int><string>Own home</string><string>Suspicion of Unlawful killing</string>
</record>
<record label="Thomas Moult">
 <real>70</real><int>6</int><int>1985</int><int>2446243</int><string>Own home</string><string>Unlawful killing</string>
</record>
<record label="Mildred Robinson">
 <real>84</real><int>6</int><int>1985</int><int>2446243</int><string>Own home</string><string>Unlawful killing</string>
</record>
<record label="Hannah Jones">
 <real>84</real><int>7</int><int>1985</int><int>2446257</int><string>Own home</string><string>Insufficient evidence for decision</string>
</record>
<record label="Frances Elizabeth Turner">
 <real>85</real><int>8</int><int>1985</int><int>2446301</int><string>Own home</string><string>Unlawful killing</string>
</record>
<record label="Mary Ogden">
 <real>58</real><int>10</int><int>1985</int><int>2446356</int><string>Own home</string><string>Natural death</string>
</record>
<record label="Tom Redfern">
 <real>76</real><int>10</int><int>1985</int><int>2446368</int><string>Own home</string><string>Natural death</string>
</record>
<record label="Selina Mackenzie">
 <real>77</real><int>12</int><int>1985</int><int>2446417</int><string>Own home</string><string>Unlawful killing</string>
</record>
<record label="Vera Bramwell">
 <real>79</real><int>12</int><int>1985</int><int>2446420</int><string>Own home</string><string>Unlawful killing</string>
</record>
<record label="Edith Goddard">
 <real>82</real><int>12</int><int>1985</int><int>2446428</int><string>Residential home</string><string>Natural death</string>
</record>
<record label="Fred Kellett">
 <real>79</real><int>12</int><int>1985</int><int>2446431</int><string>Own home</string><string>Unlawful killing</string>
</record>
<record label="Jane Bridge">
 <real>80</real><int>1</int><int>1986</int><int>2446435</int><string>Own home</string><string>Insufficient evidence for decision</string>
</record>
<record label="Deborah Middleton">
 <real>81</real><int>1</int><int>1986</int><int>2446438</int><string>Own home</string><string>Unlawful killing</string>
</record>
<record label="Vara Penney">
 <real>86</real><int>1</int><int>1986</int><int>2446459</int><string>Own home</string><string>Natural death</string>
</record>
<record label="May Hurd">
 <real>78</real><int>4</int><int>1986</int><int>2446522</int><string>Residential home</string><string>Natural death</string>
</record>
<record label="Dorothy Fletcher">
 <real>74</real><int>4</int><int>1986</int><int>2446544</int><string>Residential home</string><string>Unlawful killing</string>
</record>
<record label="Charles Geoffrey Brassington">
 <real>69</real><int>5</int><int>1986</int><int>2446558</int><string>Own home</string><string>Natural death</string>
</record>
<record label="Jozef Iwanina">
 <real>63</real><int>5</int><int>1986</int><int>2446568</int><string>Own home</string><string>Suspicion of Unlawful killing</string>
</record>
<record label="Neville Shaw">
 <real>57</real><int>5</int><int>1986</int><int>2446578</int><string>Hospital</string><string>Natural death</string>
</record>
<record label="Thomas Fowden">
 <real>81</real><int>6</int><int>1986</int><int>2446588</int><string>Own home</string><string>Unlawful killing</string>
</record>
<record label="Mona Ashton White">
 <real>63</real><int>9</int><int>1986</int><int>2446689</int><string>Own home</string><string>Unlawful killing</string>
</record>
<record label="Mary Tomlin">
 <real>73</real><int>10</int><int>1986</int><int>2446711</int><string>Own home</string><string>Unlawful killing</string>
</record>
<record label="Beatrice Toft">
 <real>59</real><int>11</int><int>1986</int><int>2446752</int><string>Own home</string><string>Unlawful killing</string>
</record>
<record label="Annie Watkins">
 <real>81</real><int>11</int><int>1986</int><int>2446752</int><string>Own home</string><string>Suspicion of Unlawful killing</string>
</record>
<record label="Lily Broadbent">
 <real>75</real><int>12</int><int>1986</int><int>2446781</int><string>Own home</string><string>Unlawful killing</string>
</record>
<record label="James Wood">
 <real>82</real><int>12</int><int>1986</int><int>2446788</int><string>Own home</string><string>Unlawful killing</string>
</record>
<record label="George Eric Higginbottom">
 <real>66</real><int>3</int><int>1987</int><int>2446862</int><string>Own home</string><string>Insufficient evidence for decision</string>
</record>
<record label="Alice Hilda Connaughton">
 <real>77</real><int>3</int><int>1987</int><int>2446867</int><string>Residential home</string><string>Suspicion of Unlawful killing</string>
</record>
<record label="Hilda Hulme">
 <real>78</real><int>3</int><int>1987</int><int>2446882</int><string>Residential home</string><string>Natural death</string>
</record>
<record label="Frank Halliday">
 <real>76</real><int>3</int><int>1987</int><int>2446885</int><string>Own home</string><string>Unlawful killing</string>
</record>
<record label="Albert Cheetham">
 <real>85</real><int>4</int><int>1987</int><int>2446887</int><string>Own home</string><string>Unlawful killing</string>
</record>
<record label="Robert Edward Jones">
 <real>81</real><int>4</int><int>1987</int><int>2446892</int><string>Own home</string><string>Natural death</string>
</record>
<record label="Violet Garlick">
 <real>86</real><int>4</int><int>1987</int><int>2446894</int><string>Residential home</string><string>Natural death</string>
</record>
<record label="Alice Thomas">
 <real>83</real><int>4</int><int>1987</int><int>2446902</int><string>Own home</string><string>Unlawful killing</string>
</record>
<record label="Ethel Dolan">
 <real>82</real><int>4</int><int>1987</int><int>2446903</int><string>Residential home</string><string>Natural death</string>
</record>
<record label="Kenneth Harry Simpson">
 <real>61</real><int>4</int><int>1987</int><int>2446903</int><string>Own home</string><string>Natural death</string>
</record>
<record label="Jane Frances Rostron">
 <real>78</real><int>5</int><int>1987</int><int>2446924</int><string>Own home</string><string>Unlawful killing</string>
</record>
<record label="Mary Gaunt">
 <real>76</real><int>7</int><int>1987</int><int>2447003</int><string>Daughter's home</string><string>Insufficient evidence for decision</string>
</record>
<record label="Nancy Anne Brassington">
 <real>71</real><int>9</int><int>1987</int><int>2447053</int><string>Own home</string><string>Unlawful killing</string>
</record>
<record label="Susan Eveline Shaw">
 <real>81</real><int>9</int><int>1987</int><int>2447060</int><string>Residential home</string><string>Natural death</string>
</record>
<record label="Margaret Townsend">
 <real>80</real><int>12</int><int>1987</int><int>2447151</int><string>Own home</string><string>Unlawful killing</string>
</record>
<record label="Nellie Bardsley">
 <real>69</real><int>12</int><int>1987</int><int>2447159</int><string>Own home</string><string>Unlawful killing</string>
</record>
<record label="Elizabeth Ann Rogers">
 <real>74</real><int>12</int><int>1987</int><int>2447160</int><string>Own home</string><string>Unlawful killing</string>
</record>
<record label="Elizabeth Fletcher">
 <real>90</real><int>1</int><int>1988</int><int>2447166</int><string>Own home</string><string>Unlawful killing</string>
</record>
<record label="Alice Mary Jones">
 <real>83</real><int>1</int><int>1988</int><int>2447176</int><string>Own home</string><string>Unlawful killing</string>
</record>
<record label="Constance Anne Couldwell">
 <real>88</real><int>2</int><int>1988</int><int>2447197</int><string>Residential home</string><string>Insufficient evidence for decision</string>
</record>
<record label="Dorothea Hill Renwick">
 <real>90</real><int>2</int><int>1988</int><int>2447201</int><string>Own home</string><string>Unlawful killing</string>
</record>
<record label="Ann Cooper">
 <real>93</real><int>2</int><int>1988</int><int>2447207</int><string>Own home</string><string>Unlawful killing</string>
</record>
<record label="Jane Jones">
 <real>83</real><int>2</int><int>1988</int><int>2447207</int><string>Own home</string><string>Unlawful killing</string>
</record>
<record label="Lavinia Robinson">
 <real>84</real><int>2</int><int>1988</int><int>2447208</int><string>Own home</string><string>Unlawful killing</string>
</record>
<record label="Kate Elizabeth Stafford">
 <real>93</real><int>2</int><int>1988</int><int>2447209</int><string>Residential home</string><string>Natural death</string>
</record>
<record label="Rose Ann Adshead">
 <real>80</real><int>9</int><int>1988</int><int>2447423</int><string>Own home</string><string>Unlawful killing</string>
</record>
<record label="Alice Rawling">
 <real>100</real><int>10</int><int>1988</int><int>2447440</int><string>Residential home</string><string>Natural death</string>
</record>
<record label="Alice Prestwich">
 <real>69</real><int>10</int><int>1988</int><int>2447455</int><string>Own home</string><string>Unlawful killing</string>
</record>
<record label="Harry Waller">
 <real>69</real><int>10</int><int>1988</int><int>2447460</int><string>Own home</string><string>Natural death</string>
</record>
<record label="Amy Chidlow">
 <real>85</real><int>11</int><int>1988</int><int>2447468</int><string>Residential home</string><string>Natural death</string>
</record>
<record label="Walter Tingle">
 <real>85</real><int>11</int><int>1988</int><int>2447472</int><string>Own home</string><string>Unlawful killing</string>
</record>
<record label="Ellen Hennefer">
 <real>91</real><int>12</int><int>1988</int><int>2447497</int><string>Residential home</string><string>Natural death</string>
</record>
<record label="Harry Stafford">
 <real>87</real><int>12</int><int>1988</int><int>2447513</int><string>Own home</string><string>Unlawful killing</string>
</record>
<record label="Ethel Bennett">
 <real>80</real><int>12</int><int>1988</int><int>2447515</int><string>Own home</string><string>Unlawful killing</string>
</record>
<record label="Wilfred Chappell">
 <real>80</real><int>1</int><int>1989</int><int>2447558</int><string>Own home</string><string>Unlawful killing</string>
</record>
<record label="Mary Emma Hamer">
 <real>81</real><int>3</int><int>1989</int><int>2447594</int><string>Shipman's surgery</string><string>Unlawful killing</string>
</record>
<record label="Margaret Smith">
 <real>90</real><int>3</int><int>1989</int><int>2447607</int><string>Residential home</string><string>Natural death</string>
</record>
<record label="Beatrice Helen Clee">
 <real>78</real><int>5</int><int>1989</int><int>2447659</int><string>Own home</string><string>Unlawful killing</string>
</record>
<record label="Edith Pitman">
 <real>86</real><int>5</int><int>1989</int><int>2447665</int><string>Residential home</string><string>Natural death</string>
</record>
<record label="Josephine Hall">
 <real>69</real><int>6</int><int>1989</int><int>2447683</int><string>Own home</string><string>Unlawful killing</string>
</record>
<record label="Hilda Fitton">
 <real>75</real><int>7</int><int>1989</int><int>2447714</int><string>Own home</string><string>Unlawful killing</string>
</record>
<record label="Marion Carradice">
 <real>80</real><int>8</int><int>1989</int><int>2447753</int><string>Own home</string><string>Unlawful killing</string>
</record>
<record label="Elsie Harrop">
 <real>82</real><int>9</int><int>1989</int><int>2447792</int><string>Own home</string><string>Unlawful killing</string>
</record>
<record label="Elizabeth Mary Burke">
 <real>82</real><int>9</int><int>1989</int><int>2447796</int><string>Own home</string><string>Unlawful killing</string>
</record>
<record label="Sarah Jane Williamson">
 <real>82</real><int>10</int><int>1989</int><int>2447815</int><string>Own home</string><string>Unlawful killing</string>
</record>
<record label="John Charlton">
 <real>81</real><int>10</int><int>1989</int><int>2447816</int><string>Own home</string><string>Unlawful killing</string>
</record>
<record label="George Edgar Vizor">
 <real>67</real><int>10</int><int>1989</int><int>2447818</int><string>Own home</string><string>Unlawful killing</string>
</record>
<record label="Joseph Frank Wilcockson">
 <real>85</real><int>11</int><int>1989</int><int>2447837</int><string>Own home</string><string>Unlawful killing</string>
</record>
<record label="Samuel Mellor">
 <real>73</real><int>11</int><int>1989</int><int>2447846</int><string>Own home</string><string>Natural death</string>
</record>
<record label="Annie Elizabeth Golds">
 <real>83</real><int>5</int><int>1990</int><int>2448040</int><string>Own home</string><string>Natural death</string>
</record>
<record label="Genevieve Challoner">
 <real>69</real><int>7</int><int>1990</int><int>2448083</int><string>Own home</string><string>Natural death</string>
</record>
<record label="Dorothy Rowarth">
 <real>56</real><int>9</int><int>1990</int><int>2448153</int><string>Own home</string><string>Unlawful killing</string>
</record>
<record label="Clara Hackney">
 <real>84</real><int>9</int><int>1990</int><int>2448156</int><string>Own home</string><string>Natural death</string>
</record>
<record label="Marion Harrison">
 <real>68</real><int>10</int><int>1990</int><int>2448196</int><string>Residential home</string><string>Natural death</string>
</record>
<record label="Winifred Mary Walker">
 <real>75</real><int>11</int><int>1990</int><int>2448200</int><string>Residential home</string><string>Natural death</string>
</record>
<record label="Mary Rose Dudley">
 <real>69</real><int>12</int><int>1990</int><int>2448256</int><string>Own home</string><string>Unlawful killing</string>
</record>
<record label="Ronald Jameson">
 <real>48</real><int>2</int><int>1991</int><int>2448309</int><string>Own home</string><string>Natural death</string>
</record>
<record label="Ellen Walker">
 <real>88</real><int>3</int><int>1991</int><int>2448318</int><string>Residential home</string><string>Natural death</string>
</record>
<record label="Alfred Cheetham">
 <real>73</real><int>3</int><int>1991</int><int>2448337</int><string>Own home</string><string>Insufficient evidence for decision</string>
</record>
<record label="Mary Middleton">
 <real>81</real><int>5</int><int>1991</int><int>2448380</int><string>Own home</string><string>Natural death</string>
</record>
<record label="Barry Higgins">
 <real>58</real><int>5</int><int>1991</int><int>2448382</int><string>Own home</string><string>Natural death</string>
</record>
<record label="Phyllis Farrell">
 <real>79</real><int>8</int><int>1991</int><int>2448474</int><string>Own home</string><string>Natural death</string>
</record>
<record label="Ethel May Proud">
 <real>94</real><int>8</int><int>1991</int><int>2448495</int><string>Own home</string><string>Natural death</string>
</record>
<record label="Margaret Ousey">
 <real>33</real><int>10</int><int>1991</int><int>2448533</int><string>Own home</string><string>Natural death</string>
</record>
<record label="Nora Grundy">
 <real>77</real><int>10</int><int>1991</int><int>2448541</int><string>Residential home</string><string>Natural death</string>
</record>
<record label="Elsie Clayton">
 <real>82</real><int>10</int><int>1991</int><int>2448551</int><string>Residential home</string><string>Natural death</string>
</record>
<record label="Alice Richardson">
 <real>82</real><int>10</int><int>1991</int><int>2448557</int><string>Own home</string><string>Natural death</string>
</record>
<record label="Joseph Andrew">
 <real>84</real><int>11</int><int>1991</int><int>2448578</int><string>Nursing home</string><string>Natural death</string>
</record>
<record label="Annie Alexandra Powers">
 <real>89</real><int>1</int><int>1992</int><int>2448632</int><string>Residential home</string><string>Suspicion of Unlawful killing</string>
</record>
<record label="Joseph Drummond">
 <real>85</real><int>4</int><int>1992</int><int>2448741</int><string>Own home</string><string>Natural death</string>
</record>
<record label="Muriel Elsie Wilson">
 <real>87</real><int>7</int><int>1992</int><int>2448806</int><string>Residential home</string><string>Natural death</string>
</record>
<record label="Alice Drinkwater">
 <real>79</real><int>7</int><int>1992</int><int>2448811</int><string>Residential home</string><string>Natural death</string>
</record>
<record label="Monica Rene Sparkes">
 <real>72</real><int>10</int><int>1992</int><int>2448903</int><string>Own home</string><string>Unlawful killing</string>
</record>
<record label="Hannah Frith">
 <real>79</real><int>11</int><int>1992</int><int>2448934</int><string>Own home</string><string>Natural death</string>
</record>
<record label="Thomas O'Sullivan">
 <real>67</real><int>12</int><int>1992</int><int>2448971</int><string>Own home</string><string>Natural death</string>
</record>
<record label="Harriet Stopford">
 <real>80</real><int>12</int><int>1992</int><int>2448977</int><string>Residential home</string><string>Natural death</string>
</record>
<record label="Edith Whittle">
 <real>84</real><int>2</int><int>1993</int><int>2449031</int><string>Residential home</string><string>Natural death</string>
</record>
<record label="Harold Freeman">
 <real>83</real><int>2</int><int>1993</int><int>2449039</int><string>Residential home</string><string>Suspicion of Unlawful killing</string>
</record>
<record label="Hilda Mary Couzens">
 <real>92</real><int>2</int><int>1993</int><int>2449043</int><string>Own home</string><string>Unlawful killing</string>
</record>
<record label="Olive Heginbotham">
 <real>86</real><int>2</int><int>1993</int><int>2449043</int><string>Own home</string><string>Unlawful killing</string>
</record>
<record label="Winifred Freeman">
 <real>75</real><int>3</int><int>1993</int><int>2449063</int><string>Residential home</string><string>Natural death</string>
</record>
<record label="Amy Whitehead">
 <real>82</real><int>3</int><int>1993</int><int>2449069</int><string>Own home</string><string>Unlawful killing</string>
</record>
<record label="Mary Emma Andrew">
 <real>86</real><int>4</int><int>1993</int><int>2449086</int><string>Own home</string><string>Unlawful killing</string>
</record>
<record label="Lydia Edith Butcher">
 <real>94</real><int>4</int><int>1993</int><int>2449094</int><string>Residential home</string><string>Natural death</string>
</record>
<record label="Sarah Ashworth">
 <real>74</real><int>4</int><int>1993</int><int>2449095</int><string>Own home</string><string>Unlawful killing</string>
</record>
<record label="Fanny Nichols">
 <real>84</real><int>4</int><int>1993</int><int>2449104</int><string>Own home</string><string>Unlawful killing</string>
</record>
<record label="Marjorie Parker">
 <real>74</real><int>4</int><int>1993</int><int>2449105</int><string>Own home</string><string>Unlawful killing</string>
</record>
<record label="Edna Mary Taylor">
 <real>90</real><int>4</int><int>1993</int><int>2449105</int><string>Residential home</string><string>Natural death</string>
</record>
<record label="Nellie Mullen">
 <real>77</real><int>5</int><int>1993</int><int>2449110</int><string>Own home</string><string>Unlawful killing</string>
</record>
<record label="Edna May Llewellyn">
 <real>68</real><int>5</int><int>1993</int><int>2449112</int><string>Own home</string><string>Unlawful killing</string>
</record>
<record label="Rebecca Gray">
 <real>84</real><int>5</int><int>1993</int><int>2449113</int><string>Own home</string><string>Natural death</string>
</record>
<record label="Emily Morgan">
 <real>84</real><int>5</int><int>1993</int><int>2449120</int><string>Own home</string><string>Unlawful killing</string>
</record>
<record label="Violet May Bird">
 <real>60</real><int>5</int><int>1993</int><int>2449121</int><string>Own home</string><string>Unlawful killing</string>
</record>
<record label="Jose Kathleen Diana Richards">
 <real>74</real><int>7</int><int>1993</int><int>2449191</int><string>Own home</string><string>Unlawful killing</string>
</record>
<record label="George Lawton Wagstaff">
 <real>77</real><int>7</int><int>1993</int><int>2449198</int><string>Own home</string><string>Natural death</string>
</record>
<record label="Edith Calverley">
 <real>77</real><int>8</int><int>1993</int><int>2449216</int><string>Own home</string><string>Unlawful killing</string>
</record>
<record label="Ernest Colin Ralphs">
 <real>69</real><int>9</int><int>1993</int><int>2449254</int><string>Own home</string><string>Natural death</string>
</record>
<record label="James Edward Barnes">
 <real>65</real><int>10</int><int>1993</int><int>2449290</int><string>Nursing home</string><string>Natural death</string>
</record>
<record label="Margaret Sankey">
 <real>90</real><int>11</int><int>1993</int><int>2449293</int><string>Residential home</string><string>Natural death</string>
</record>
<record label="Joseph Leigh">
 <real>78</real><int>12</int><int>1993</int><int>2449338</int><string>Own home</string><string>Unlawful killing</string>
</record>
<record label="Eileen Robinson">
 <real>54</real><int>12</int><int>1993</int><int>2449334</int><string>Own home</string><string>Unlawful killing</string>
</record>
<record label="David Jones">
 <real>73</real><int>12</int><int>1993</int><int>2449334</int><string>Own home</string><string>Suspicion of Unlawful killing</string>
</record>
<record label="Marion Platt">
 <real>78</real><int>12</int><int>1993</int><int>2449345</int><string>Residential home</string><string>Natural death</string>
</record>
<record label="Charles Edward Brocklehurst">
 <real>90</real><int>12</int><int>1993</int><int>2449353</int><string>Own home</string><string>Unlawful killing</string>
</record>
<record label="Joan Milray Harding">
 <real>82</real><int>1</int><int>1994</int><int>2449357</int><string>Shipman's surgery</string><string>Unlawful killing</string>
</record>
<record label="Christine Hancock">
 <real>53</real><int>1</int><int>1994</int><int>2449366</int><string>Own home</string><string>Unlawful killing</string>
</record>
<record label="Elsie Platt">
 <real>73</real><int>2</int><int>1994</int><int>2449393</int><string>Own home</string><string>Unlawful killing</string>
</record>
<record label="Mary Alice Smith">
 <real>84</real><int>5</int><int>1994</int><int>2449490</int><string>Own home</string><string>Unlawful killing</string>
</record>
<record label="Ronnie Devenport">
 <real>57</real><int>5</int><int>1994</int><int>2449498</int><string>Own home</string><string>Unlawful killing</string>
</record>
<record label="Cicely Sharples">
 <real>87</real><int>6</int><int>1994</int><int>2449519</int><string>Own home</string><string>Unlawful killing</string>
</record>
<record label="Alice Christine Kitchen">
 <real>70</real><int>6</int><int>1994</int><int>2449521</int><string>Own home</string><string>Unlawful killing</string>
</record>
<record label="Maria Thornton">
 <real>78</real><int>7</int><int>1994</int><int>2449561</int><string>Own home</string><string>Unlawful killing</string>
</record>
<record label="Eric Davies">
 <real>72</real><int>9</int><int>1994</int><int>2449604</int><string>Nursing home</string><string>Natural death</string>
</record>
<record label="Audrey Reade">
 <real>58</real><int>10</int><int>1994</int><int>2449633</int><string>Hospital</string><string>Natural death</string>
</record>
<record label="John Hilton">
 <real>64</real><int>11</int><int>1994</int><int>2449661</int><string>Own home</string><string>Suspicion of Unlawful killing</string>
</record>
<record label="Florence Heywood">
 <real>91</real><int>11</int><int>1994</int><int>2449667</int><string>Nursing home</string><string>Suspicion of Unlawful killing</string>
</record>
<record label="Henrietta Walker">
 <real>87</real><int>11</int><int>1994</int><int>2449682</int><string>Own home</string><string>Unlawful killing</string>
</record>
<record label="Elizabeth Ellen Mellor">
 <real>75</real><int>11</int><int>1994</int><int>2449687</int><string>Own home</string><string>Unlawful killing</string>
</record>
<record label="Beatrice Jeffries">
 <real>81</real><int>12</int><int>1994</int><int>2449691</int><string>Nursing home</string><string>Natural death</string>
</record>
<record label="Janet Hallsworth">
 <real>90</real><int>12</int><int>1994</int><int>2449707</int><string>Residential home</string><string>Natural death</string>
</record>
<record label="John Bennett Molesdale">
 <real>81</real><int>12</int><int>1994</int><int>2449716</int><string>Own home</string><string>Unlawful killing</string>
</record>
<record label="Sarah Ann Hill">
 <real>74</real><int>1</int><int>1995</int><int>2449724</int><string>Daughter's home</string><string>Natural death</string>
</record>
<record label="Alice Kennedy">
 <real>88</real><int>1</int><int>1995</int><int>2449727</int><string>Own home</string><string>Unlawful killing</string>
</record>
<record label="Lily Brookes">
 <real>80</real><int>1</int><int>1995</int><int>2449735</int><string>Nursing home</string><string>Natural death</string>
</record>
<record label="Sydney Hoskins Copeland">
 <real>80</real><int>1</int><int>1995</int><int>2449741</int><string>Own home</string><string>Natural death</string>
</record>
<record label="Lucy Virgin">
 <real>70</real><int>3</int><int>1995</int><int>2449778</int><string>Own home</string><string>Unlawful killing</string>
</record>
<record label="Joseph Shaw">
 <real>88</real><int>3</int><int>1995</int><int>2449780</int><string>Own home</string><string>Unlawful killing</string>
</record>
<record label="Maria West">
 <real>81</real><int>3</int><int>1995</int><int>2449783</int><string>Own home</string><string>Conviction</string>
</record>
<record label="Netta Ashcroft">
 <real>71</real><int>3</int><int>1995</int><int>2449784</int><string>Own home</string><string>Unlawful killing</string>
</record>
<record label="Lily Bardsley">
 <real>88</real><int>3</int><int>1995</int><int>2449784</int><string>Own home</string><string>Unlawful killing</string>
</record>
<record label="Marie Antoinette Fernley">
 <real>53</real><int>3</int><int>1995</int><int>2449790</int><string>Own home</string><string>Unlawful killing</string>
</record>
<record label="Ida Cains">
 <real>84</real><int>3</int><int>1995</int><int>2449794</int><string>Own home</string><string>Insufficient evidence for decision</string>
</record>
<record label="John Crompton">
 <real>82</real><int>3</int><int>1995</int><int>2449798</int><string>Own home</string><string>Unlawful killing</string>
</record>
<record label="Frank Crompton">
 <real>86</real><int>3</int><int>1995</int><int>2449803</int><string>Own home</string><string>Unlawful killing</string>
</record>
<record label="Vera Brocklehurst">
 <real>70</real><int>3</int><int>1995</int><int>2449808</int><string>Own home</string><string>Unlawful killing</string>
</record>
<record label="Angela Philomena Tierney">
 <real>71</real><int>4</int><int>1995</int><int>2449818</int><string>Own home</string><string>Unlawful killing</string>
</record>
<record label="Edith Scott">
 <real>85</real><int>4</int><int>1995</int><int>2449821</int><string>Own home</string><string>Unlawful killing</string>
</record>
<record label="Clara Hackney">
 <real>84</real><int>4</int><int>1995</int><int>2449822</int><string>Own home</string><string>Unlawful killing</string>
</record>
<record label="Renate Eldtraude Overton">
 <real>47</real><int>4</int><int>1995</int><int>2449829</int><string>Hospital</string><string>Unlawful killing</string>
</record>
<record label="Maud Wilkinson">
 <real>82</real><int>5</int><int>1995</int><int>2449841</int><string>Residential home</string><string>Natural death</string>
</record>
<record label="Kate Maud Sellors">
 <real>75</real><int>5</int><int>1995</int><int>2449842</int><string>Own home</string><string>Unlawful killing</string>
</record>
<record label="Arthur Bent">
 <real>90</real><int>5</int><int>1995</int><int>2449860</int><string>Own home</string><string>Suspicion of Unlawful killing</string>
</record>
<record label="Clifford Barnes Heapey">
 <real>85</real><int>6</int><int>1995</int><int>2449871</int><string>Nursing home</string><string>Unlawful killing</string>
</record>
<record label="James Clough">
 <real>71</real><int>6</int><int>1995</int><int>2449880</int><string>Own home</string><string>Natural death</string>
</record>
<record label="Bertha Moss">
 <real>68</real><int>6</int><int>1995</int><int>2449882</int><string>Shipman's surgery</string><string>Unlawful killing</string>
</record>
<record label="Brenda Ashworth">
 <real>63</real><int>6</int><int>1995</int><int>2449886</int><string>Own home</string><string>Unlawful killing</string>
</record>
<record label="Ernest Rudol">
 <real>82</real><int>6</int><int>1995</int><int>2449898</int><string>Own home</string><string>Unlawful killing</string>
</record>
<record label="Alice Carrington">
 <real>75</real><int>7</int><int>1995</int><int>2449903</int><string>Hospital</string><string>Natural death</string>
</record>
<record label="Ada Matley Hilton">
 <real>88</real><int>7</int><int>1995</int><int>2449911</int><string>Own home</string><string>Unlawful killing</string>
</record>
<record label="Irene Aitken">
 <real>65</real><int>7</int><int>1995</int><int>2449930</int><string>Own home</string><string>Unlawful killing</string>
</record>
<record label="Ivy Jones">
 <real>64</real><int>8</int><int>1995</int><int>2449953</int><string>Hospital</string><string>Natural death</string>
</record>
<record label="John France">
 <real>84</real><int>8</int><int>1995</int><int>2449955</int><string>Nursing home</string><string>Natural death</string>
</record>
<record label="Arthur Henderson Stopford">
 <real>82</real><int>8</int><int>1995</int><int>2449959</int><string>Own home</string><string>Unlawful killing</string>
</record>
<record label="Geoffrey Bogle">
 <real>72</real><int>9</int><int>1995</int><int>2449975</int><string>Own home</string><string>Unlawful killing</string>
</record>
<record label="Dora Elizabeth Ashton">
 <real>87</real><int>9</int><int>1995</int><int>2449987</int><string>Shipman's surgery</string><string>Unlawful killing</string>
</record>
<record label="Muriel Margaret Ward">
 <real>87</real><int>10</int><int>1995</int><int>2450015</int><string>Own home</string><string>Unlawful killing</string>
</record>
<record label="Kathleen May Wass">
 <real>87</real><int>11</int><int>1995</int><int>2450024</int><string>Residential home</string><string>Natural death</string>
</record>
<record label="Edith Brock">
 <real>74</real><int>11</int><int>1995</int><int>2450030</int><string>Own home</string><string>Unlawful killing</string>
</record>
<record label="Charles Henry Barlow">
 <real>88</real><int>11</int><int>1995</int><int>2450044</int><string>Own home</string><string>Unlawful killing</string>
</record>
<record label="Konrad Peter Ovcar-Robinson">
 <real>43</real><int>11</int><int>1995</int><int>2450047</int><string>Own home</string><string>Unlawful killing</string>
</record>
<record label="Elizabeth Teresa Sigley">
 <real>67</real><int>12</int><int>1995</int><int>2450066</int><string>Own home</string><string>Unlawful killing</string>
</record>
<record label="Kenneth Wharmby Woodhead">
 <real>75</real><int>12</int><int>1995</int><int>2450066</int><string>Own home</string><string>Unlawful killing</string>
</record>
<record label="Kathleen May Boardman">
 <real>72</real><int>12</int><int>1995</int><int>2450069</int><string>Own home</string><string>Natural death</string>
</record>
<record label="Hilda Mary Hibbert">
 <real>81</real><int>1</int><int>1996</int><int>2450085</int><string>Own home</string><string>Unlawful killing</string>
</record>
<record label="Erla Copeland">
 <real>79</real><int>1</int><int>1996</int><int>2450094</int><string>Own home</string><string>Unlawful killing</string>
</record>
<record label="Peter Higginbottom">
 <real>42</real><int>1</int><int>1996</int><int>2450102</int><string>Hospital</string><string>Natural death</string>
</record>
<record label="Nora Needham">
 <real>76</real><int>1</int><int>1996</int><int>2450109</int><string>Own home</string><string>Natural death</string>
</record>
<record label="Edward Buckland">
 <real>84</real><int>2</int><int>1996</int><int>2450122</int><string>Residential home</string><string>Natural death</string>
</record>
<record label="George Henry Mottram">
 <real>91</real><int>2</int><int>1996</int><int>2450133</int><string>Residential home</string><string>Natural death</string>
</record>
<record label="Jane Elizabeth Shelmerdine">
 <real>80</real><int>2</int><int>1996</int><int>2450135</int><string>Own home</string><string>Unlawful killing</string>
</record>
<record label="John Sheard Greenhalgh">
 <real>88</real><int>2</int><int>1996</int><int>2450141</int><string>Own home</string><string>Unlawful killing</string>
</record>
<record label="Minnie Doris Irene Galpin">
 <real>71</real><int>3</int><int>1996</int><int>2450155</int><string>Own home</string><string>Unlawful killing</string>
</record>
<record label="Joseph Beech">
 <real>80</real><int>4</int><int>1996</int><int>2450186</int><string>Own home</string><string>Natural death</string>
</record>
<record label="Marjorie Hope Waller">
 <real>79</real><int>4</int><int>1996</int><int>2450192</int><string>Own home</string><string>Unlawful killing</string>
</record>
<record label="Minnie Ward">
 <real>104</real><int>4</int><int>1996</int><int>2450192</int><string>Residential home</string><string>Natural death</string>
</record>
<record label="Frances Potts">
 <real>85</real><int>4</int><int>1996</int><int>2450196</int><string>Residential home</string><string>Natural death</string>
</record>
<record label="John Stone">
 <real>77</real><int>4</int><int>1996</int><int>2450198</int><string>Own home</string><string>Unlawful killing</string>
</record>
<record label="Elsie Godfrey">
 <real>85</real><int>5</int><int>1996</int><int>2450211</int><string>Own home</string><string>Unlawful killing</string>
</record>
<record label="Edith Brady">
 <real>72</real><int>5</int><int>1996</int><int>2450217</int><string>Shipman's surgery</string><string>Unlawful killing</string>
</record>
<record label="Fanny Clarke">
 <real>82</real><int>5</int><int>1996</int><int>2450222</int><string>Own home</string><string>Suspicion of Unlawful killing</string>
</record>
<record label="Valerie Cuthbert">
 <real>54</real><int>5</int><int>1996</int><int>2450233</int><string>Own home</string><string>Unlawful killing</string>
</record>
<record label="Lilian Cullen">
 <real>77</real><int>5</int><int>1996</int><int>2450234</int><string>Own home</string><string>Unlawful killing</string>
</record>
<record label="Renee Lacey">
 <real>63</real><int>6</int><int>1996</int><int>2450241</int><string>Own home</string><string>Unlawful killing</string>
</record>
<record label="John Baddeley">
 <real>80</real><int>6</int><int>1996</int><int>2450243</int><string>Own home</string><string>Natural death</string>
</record>
<record label="Leah Fogg">
 <real>82</real><int>6</int><int>1996</int><int>2450245</int><string>Own home</string><string>Unlawful killing</string>
</record>
<record label="Gladys Saunders">
 <real>82</real><int>6</int><int>1996</int><int>2450252</int><string>Own home</string><string>Unlawful killing</string>
</record>
<record label="Nellie Bennett">
 <real>86</real><int>6</int><int>1996</int><int>2450260</int><string>Own home</string><string>Unlawful killing</string>
</record>
<record label="Margaret Mary Vickers">
 <real>81</real><int>6</int><int>1996</int><int>2450260</int><string>Own home</string><string>Unlawful killing</string>
</record>
<record label="Tom Balfour Russell">
 <real>77</real><int>7</int><int>1996</int><int>2450267</int><string>Own home</string><string>Unlawful killing</string>
</record>
<record label="Irene Turner">
 <real>67</real><int>7</int><int>1996</int><int>2450276</int><string>Own home</string><string>Conviction</string>
</record>
<record label="Carrie Leigh">
 <real>81</real><int>7</int><int>1996</int><int>2450281</int><string>Own home</string><string>Unlawful killing</string>
</record>
<record label="Marion Elizabeth Higham">
 <real>84</real><int>7</int><int>1996</int><int>2450284</int><string>Own home</string><string>Unlawful killing</string>
</record>
<record label="Pamela Grace Mottram">
 <real>57</real><int>7</int><int>1996</int><int>2450287</int><string>Own home</string><string>Natural death</string>
</record>
<record label="Elsie Hannible">
 <real>85</real><int>7</int><int>1996</int><int>2450289</int><string>Own home</string><string>Unlawful killing</string>
</record>
<record label="Elsie Barker">
 <real>84</real><int>7</int><int>1996</int><int>2450294</int><string>Own home</string><string>Unlawful killing</string>
</record>
<record label="Sidney Arthur Smith">
 <real>76</real><int>8</int><int>1996</int><int>2450326</int><string>Own home</string><string>Unlawful killing</string>
</record>
<record label="Dorothy Mary Andrew">
 <real>85</real><int>9</int><int>1996</int><int>2450339</int><string>Own home</string><string>Unlawful killing</string>
</record>
<record label="Anne Lilian Ralphs">
 <real>75</real><int>9</int><int>1996</int><int>2450347</int><string>Own home</string><string>Unlawful killing</string>
</record>
<record label="Millicent Garside">
 <real>76</real><int>10</int><int>1996</int><int>2450380</int><string>Own home</string><string>Unlawful killing</string>
</record>
<record label="Grace Sumner">
 <real>60</real><int>11</int><int>1996</int><int>2450400</int><string>Hospital</string><string>Natural death</string>
</record>
<record label="Agnes Oldham">
 <real>95</real><int>11</int><int>1996</int><int>2450406</int><string>Residential home</string><string>Natural death</string>
</record>
<record label="Irene Heathcote">
 <real>76</real><int>11</int><int>1996</int><int>2450408</int><string>Own home</string><string>Unlawful killing</string>
</record>
<record label="Samuel Mills">
 <real>89</real><int>11</int><int>1996</int><int>2450411</int><string>Own home</string><string>Unlawful killing</string>
</record>
<record label="Marion Gaskell">
 <real>77</real><int>11</int><int>1996</int><int>2450417</int><string>Hospital</string><string>Natural death</string>
</record>
<record label="Thomas Cheetham">
 <real>78</real><int>12</int><int>1996</int><int>2450422</int><string>Own home</string><string>Unlawful killing</string>
</record>
<record label="Maureen Whittaker">
 <real>62</real><int>12</int><int>1996</int><int>2450434</int><string>Nursing home</string><string>Natural death</string>
</record>
<record label="Kenneth Ernest Smith">
 <real>73</real><int>12</int><int>1996</int><int>2450435</int><string>Own home</string><string>Unlawful killing</string>
</record>
<record label="Eileen Daphne Crompton">
 <real>75</real><int>1</int><int>1997</int><int>2450451</int><string>Residential home</string><string>Unlawful killing</string>
</record>
<record label="David Alan Harrison">
 <real>47</real><int>1</int><int>1997</int><int>2450452</int><string>Own home</string><string>Unlawful killing</string>
</record>
<record label="Elsie Lorna Dean">
 <real>69</real><int>1</int><int>1997</int><int>2450457</int><string>Own home</string><string>Unlawful killing</string>
</record>
<record label="Albert Edward Saunders">
 <real>81</real><int>1</int><int>1997</int><int>2450458</int><string>Nursing home</string><string>Natural death</string>
</record>
<record label="Mary Louisa Boardman">
 <real>95</real><int>1</int><int>1997</int><int>2450460</int><string>Residential home</string><string>Natural death</string>
</record>
<record label="Irene Brooder">
 <real>76</real><int>1</int><int>1997</int><int>2450469</int><string>Own home</string><string>Unlawful killing</string>
</record>
<record label="Charlotte Bennison">
 <real>89</real><int>1</int><int>1997</int><int>2450476</int><string>Own home</string><string>Unlawful killing</string>
</record>
<record label="Charles Henry Killan">
 <real>90</real><int>2</int><int>1997</int><int>2450483</int><string>Own home</string><string>Unlawful killing</string>
</record>
<record label="Betty Royston">
 <real>70</real><int>2</int><int>1997</int><int>2450484</int><string>Own home</string><string>Unlawful killing</string>
</record>
<record label="Joyce Woodhead">
 <real>74</real><int>2</int><int>1997</int><int>2450503</int><string>Own home</string><string>Unlawful killing</string>
</record>
<record label="Lizzie Adams">
 <real>77</real><int>2</int><int>1997</int><int>2450508</int><string>Own home</string><string>Conviction</string>
</record>
<record label="Squire Barber">
 <real>69</real><int>3</int><int>1997</int><int>2450528</int><string>Nursing home</string><string>Natural death</string>
</record>
<record label="Rose Garlick">
 <real>76</real><int>3</int><int>1997</int><int>2450530</int><string>Own home</string><string>Unlawful killing</string>
</record>
<record label="May Lowe">
 <real>84</real><int>3</int><int>1997</int><int>2450535</int><string>Own home</string><string>Unlawful killing</string>
</record>
<record label="Hilda Fish">
 <real>97</real><int>3</int><int>1997</int><int>2450537</int><string>Residential home</string><string>Natural death</string>
</record>
<record label="Elaine Dutton">
 <real>73</real><int>4</int><int>1997</int><int>2450550</int><string>Nursing home</string><string>Natural death</string>
</record>
<record label="Mary Coutts">
 <real>80</real><int>4</int><int>1997</int><int>2450560</int><string>Own home</string><string>Unlawful killing</string>
</record>
<record label="Mary Tuff">
 <real>76</real><int>4</int><int>1997</int><int>2450560</int><string>Own home</string><string>Suspicion of Unlawful killing</string>
</record>
<record label="Elsie Cheetham">
 <real>76</real><int>4</int><int>1997</int><int>2450564</int><string>Own home</string><string>Unlawful killing</string>
</record>
<record label="Jean Lilley">
 <real>58</real><int>4</int><int>1997</int><int>2450564</int><string>Own home</string><string>Conviction</string>
</record>
<record label="Lena Norah Slater">
 <real>68</real><int>5</int><int>1997</int><int>2450571</int><string>Own home</string><string>Unlawful killing</string>
</record>
<record label="Ethel May Kellett">
 <real>74</real><int>5</int><int>1997</int><int>2450581</int><string>Own home</string><string>Unlawful killing</string>
</record>
<record label="Doris Earls">
 <real>79</real><int>5</int><int>1997</int><int>2450590</int><string>Own home</string><string>Unlawful killing</string>
</record>
<record label="Bessie Delaney">
 <real>87</real><int>5</int><int>1997</int><int>2450594</int><string>Residential home</string><string>Natural death</string>
</record>
<record label="Ivy Lomas">
 <real>63</real><int>5</int><int>1997</int><int>2450598</int><string>Shipman's surgery</string><string>Conviction</string>
</record>
<record label="Vera Whittingslow">
 <real>69</real><int>6</int><int>1997</int><int>2450624</int><string>Own home</string><string>Unlawful killing</string>
</record>
<record label="Maureen Lamonnier Jackson">
 <real>51</real><int>7</int><int>1997</int><int>2450637</int><string>Own home</string><string>Unlawful killing</string>
</record>
<record label="Muriel Grimshaw">
 <real>76</real><int>7</int><int>1997</int><int>2450644</int><string>Own home</string><string>Conviction</string>
</record>
<record label="John Louden Livesey">
 <real>69</real><int>7</int><int>1997</int><int>2450655</int><string>Own home</string><string>Unlawful killing</string>
</record>
<record label="Lily Newby Taylor">
 <real>86</real><int>7</int><int>1997</int><int>2450658</int><string>Own home</string><string>Unlawful killing</string>
</record>
<record label="Dorothy Doretta Hopkins">
 <real>72</real><int>8</int><int>1997</int><int>2450671</int><string>Own home</string><string>Unlawful killing</string>
</record>
<record label="Harry Lomas">
 <real>82</real><int>8</int><int>1997</int><int>2450674</int><string>Nursing home</string><string>Natural death</string>
</record>
<record label="Kenneth Pickup">
 <real>77</real><int>8</int><int>1997</int><int>2450688</int><string>Country park footpath</string><string>Natural death</string>
</record>
<record label="Nancy Jackson">
 <real>81</real><int>9</int><int>1997</int><int>2450693</int><string>Own home</string><string>Unlawful killing</string>
</record>
<record label="Mavis Mary Pickup">
 <real>79</real><int>9</int><int>1997</int><int>2450714</int><string>Own home</string><string>Unlawful killing</string>
</record>
<record label="Bessie Swann">
 <real>79</real><int>9</int><int>1997</int><int>2450718</int><string>Own home</string><string>Unlawful killing</string>
</record>
<record label="Enid Otter">
 <real>77</real><int>9</int><int>1997</int><int>2450721</int><string>Own home</string><string>Unlawful killing</string>
</record>
<record label="Florence Lewis">
 <real>79</real><int>11</int><int>1997</int><int>2450763</int><string>Own home</string><string>Unlawful killing</string>
</record>
<record label="Bertha Parr">
 <real>77</real><int>11</int><int>1997</int><int>2450764</int><string>Own home</string><string>Suspicion of Unlawful killing</string>
</record>
<record label="Mary Walls">
 <real>78</real><int>11</int><int>1997</int><int>2450767</int><string>Own home</string><string>Unlawful killing</string>
</record>
<record label="Elizabeth Mary Baddeley">
 <real>83</real><int>11</int><int>1997</int><int>2450774</int><string>Own home</string><string>Unlawful killing</string>
</record>
<record label="Marie Quinn">
 <real>67</real><int>11</int><int>1997</int><int>2450777</int><string>Own home</string><string>Conviction</string>
</record>
<record label="Elizabeth Battersby">
 <real>70</real><int>12</int><int>1997</int><int>2450791</int><string>Own home</string><string>Unlawful killing</string>
</record>
<record label="Laura Kathleen Wagstaff">
 <real>81</real><int>12</int><int>1997</int><int>2450792</int><string>Own home</string><string>Conviction</string>
</record>
<record label="Bianka Pomfret">
 <real>49</real><int>12</int><int>1997</int><int>2450793</int><string>Own home</string><string>Conviction</string>
</record>
<record label="Alice Black">
 <real>73</real><int>12</int><int>1997</int><int>2450801</int><string>Own home</string><string>Unlawful killing</string>
</record>
<record label="James Joseph King">
 <real>83</real><int>12</int><int>1997</int><int>2450807</int><string>Own home</string><string>Unlawful killing</string>
</record>
<record label="Mabel Shawcross">
 <real>79</real><int>1</int><int>1998</int><int>2450836</int><string>Own home</string><string>Unlawful killing</string>
</record>
<record label="Norah Nuttall">
 <real>64</real><int>1</int><int>1998</int><int>2450840</int><string>Own home</string><string>Conviction</string>
</record>
<record label="Cissie Davies">
 <real>73</real><int>2</int><int>1998</int><int>2450847</int><string>Own home</string><string>Unlawful killing</string>
</record>
<record label="Muriel Eveline Harrison">
 <real>73</real><int>2</int><int>1998</int><int>2450847</int><string>Nursing home</string><string>Natural death</string>
</record>
<record label="Pamela Marguerite Hillier">
 <real>68</real><int>2</int><int>1998</int><int>2450854</int><string>Own home</string><string>Conviction</string>
</record>
<record label="Edith Brierley">
 <real>90</real><int>2</int><int>1998</int><int>2450856</int><string>Nursing home</string><string>Natural death</string>
</record>
<record label="Laura Frances Linn">
 <real>83</real><int>2</int><int>1998</int><int>2450858</int><string>Own home</string><string>Unlawful killing</string>
</record>
<record label="Irene Berry">
 <real>74</real><int>2</int><int>1998</int><int>2450860</int><string>Own home</string><string>Unlawful killing</string>
</record>
<record label="Maureen Alice Ward">
 <real>57</real><int>2</int><int>1998</int><int>2450863</int><string>Own home</string><string>Conviction</string>
</record>
<record label="Winifred Healey">
 <real>82</real><int>2</int><int>1998</int><int>2450870</int><string>Own home</string><string>Natural death</string>
</record>
<record label="Joan Edwina Dean">
 <real>75</real><int>2</int><int>1998</int><int>2450872</int><string>Own home</string><string>Unlawful killing</string>
</record>
<record label="Monica Eddleston">
 <real>75</real><int>2</int><int>1998</int><int>2450873</int><string>Hospital</string><string>Natural death</string>
</record>
<record label="Harold Eddleston">
 <real>77</real><int>3</int><int>1998</int><int>2450877</int><string>Own home</string><string>Unlawful killing</string>
</record>
<record label="Margaret Anne Waldron">
 <real>65</real><int>3</int><int>1998</int><int>2450879</int><string>Own home</string><string>Unlawful killing</string>
</record>
<record label="Irene Chapman">
 <real>74</real><int>3</int><int>1998</int><int>2450880</int><string>Own home</string><string>Unlawful killing</string>
</record>
<record label="Dorothy Long">
 <real>84</real><int>3</int><int>1998</int><int>2450886</int><string>Own home</string><string>Unlawful killing</string>
</record>
<record label="Lily Higgins">
 <real>83</real><int>3</int><int>1998</int><int>2450890</int><string>Own home</string><string>Unlawful killing</string>
</record>
<record label="Ada Warburton">
 <real>77</real><int>3</int><int>1998</int><int>2450893</int><string>Own home</string><string>Unlawful killing</string>
</record>
<record label="Martha Marley">
 <real>88</real><int>3</int><int>1998</int><int>2450897</int><string>Own home</string><string>Unlawful killing</string>
</record>
<record label="Mary Keating">
 <real>95</real><int>4</int><int>1998</int><int>2450932</int><string>Residential home</string><string>Natural death</string>
</record>
<record label="Winifred Mellor">
 <real>73</real><int>5</int><int>1998</int><int>2450945</int><string>Own home</string><string>Conviction</string>
</record>
<record label="Joan May Melia">
 <real>73</real><int>6</int><int>1998</int><int>2450977</int><string>Own home</string><string>Conviction</string>
</record>
<record label="Kathleen Grundy">
 <real>81</real><int>6</int><int>1998</int><int>2450989</int><string>Own home</string><string>Conviction</string>
</record>

</records>
</data>
</ggobidata>
