<?xml version="1.0"?>
<!DOCTYPE ggobidata SYSTEM "ggobi.dtd">

<ggobidata count="1">
<data name="tips">
<description>
</description>
<variables count="8">
  <integervariable name="OBS" time="true"/>
  <realvariable name="TOTBILL"/>
  <realvariable name="TIP"/>
  <categoricalvariable name="SEX" levels="auto" />
  <categoricalvariable name="SMOKER" levels="auto" />
  <categoricalvariable name="DAY">
   <levels count="4">
    <level value="3"> thurs </level>
    <level value="4"> fri </level>
    <level value="5"> sat </level>
    <level value="6"> sun </level>
   </levels>
  </categoricalvariable>
  <categoricalvariable name="TIME">
   <levels count="2">
    <level value="0"> lunch </level>
    <level value="1"> dinner </level>
   </levels>
  </categoricalvariable>
  <categoricalvariable name="SIZE">
   <levels count="6">
    <level value="1"> 1 </level>
    <level value="2"> 2 </level>
    <level value="3"> 3 </level>
    <level value="4"> 4 </level>
    <level value="5"> 5 </level>
    <level value="6"> 6 </level>
   </levels>
  </categoricalvariable>
</variables>
<records count="244" glyph="fr 1" color="0">
<record label="1">
 <real>1</real> <real>16.99</real> <real>1.01</real> <string>F</string>
 <string>no</string> <real>6</real> <real>1</real> <real>2</real>
</record>
<record label="2">
 <real>2</real> <real>10.34</real> <real>1.66</real> <string>M</string>
 <string>no</string> <real>6</real> <real>1</real> <real>3</real>
</record>
<record label="3">
 <real>3</real> <real>21.01</real> <real>3.50</real> <string>M</string>
 <string>no</string> <real>6</real> <real>1</real> <real>3</real>
</record>
<record label="4">
 <real>4</real> <real>23.68</real> <real>3.31</real> <string>M</string>
 <string>no</string> <real>6</real> <real>1</real> <real>2</real>
</record>
<record label="5">
 <real>5</real> <real>24.59</real> <real>3.61</real> <string>F</string>
 <string>no</string> <real>6</real> <real>1</real> <real>4</real>
</record>
<record label="6">
 <real>6</real> <real>25.29</real> <real>4.71</real> <string>M</string>
 <string>no</string> <real>6</real> <real>1</real> <real>4</real>
</record>
<record label="7">
 <real>7</real> <real>8.77</real> <real>2.00</real> <string>M</string>
 <string>no</string> <real>6</real> <real>1</real> <real>2</real>
</record>
<record label="8">
 <real>8</real> <real>26.88</real> <real>3.12</real> <string>M</string>
 <string>no</string> <real>6</real> <real>1</real> <real>4</real>
</record>
<record label="9">
 <real>9</real> <real>15.04</real> <real>1.96</real> <string>M</string>
 <string>no</string> <real>6</real> <real>1</real> <real>2</real>
</record>
<record label="10">
 <real>10</real> <real>14.78</real> <real>3.23</real> <string>M</string>
 <string>no</string> <real>6</real> <real>1</real> <real>2</real>
</record>
<record label="11">
 <real>11</real> <real>10.27</real> <real>1.71</real> <string>M</string>
 <string>no</string> <real>6</real> <real>1</real> <real>2</real>
</record>
<record label="12">
 <real>12</real> <real>35.26</real> <real>5.00</real> <string>F</string>
 <string>no</string> <real>6</real> <real>1</real> <real>4</real>
</record>
<record label="13">
 <real>13</real> <real>15.42</real> <real>1.57</real> <string>M</string>
 <string>no</string> <real>6</real> <real>1</real> <real>2</real>
</record>
<record label="14">
 <real>14</real> <real>18.43</real> <real>3.00</real> <string>M</string>
 <string>no</string> <real>6</real> <real>1</real> <real>4</real>
</record>
<record label="15">
 <real>15</real> <real>14.83</real> <real>3.02</real> <string>F</string>
 <string>no</string> <real>6</real> <real>1</real> <real>2</real>
</record>
<record label="16">
 <real>16</real> <real>21.58</real> <real>3.92</real> <string>M</string>
 <string>no</string> <real>6</real> <real>1</real> <real>2</real>
</record>
<record label="17">
 <real>17</real> <real>10.33</real> <real>1.67</real> <string>F</string>
 <string>no</string> <real>6</real> <real>1</real> <real>3</real>
</record>
<record label="18">
 <real>18</real> <real>16.29</real> <real>3.71</real> <string>M</string>
 <string>no</string> <real>6</real> <real>1</real> <real>3</real>
</record>
<record label="19">
 <real>19</real> <real>16.97</real> <real>3.50</real> <string>F</string>
 <string>no</string> <real>6</real> <real>1</real> <real>3</real>
</record>
<record label="20">
 <real>20</real> <real>20.65</real> <real>3.35</real> <string>M</string>
 <string>no</string> <real>5</real> <real>1</real> <real>3</real>
</record>
<record label="21">
 <real>21</real> <real>17.92</real> <real>4.08</real> <string>M</string>
 <string>no</string> <real>5</real> <real>1</real> <real>2</real>
</record>
<record label="22">
 <real>22</real> <real>20.29</real> <real>2.75</real> <string>F</string>
 <string>no</string> <real>5</real> <real>1</real> <real>2</real>
</record>
<record label="23">
 <real>23</real> <real>15.77</real> <real>2.23</real> <string>F</string>
 <string>no</string> <real>5</real> <real>1</real> <real>2</real>
</record>
<record label="24">
 <real>24</real> <real>39.42</real> <real>7.58</real> <string>M</string>
 <string>no</string> <real>5</real> <real>1</real> <real>4</real>
</record>
<record label="25">
 <real>25</real> <real>19.82</real> <real>3.18</real> <string>M</string>
 <string>no</string> <real>5</real> <real>1</real> <real>2</real>
</record>
<record label="26">
 <real>26</real> <real>17.81</real> <real>2.34</real> <string>M</string>
 <string>no</string> <real>5</real> <real>1</real> <real>4</real>
</record>
<record label="27">
 <real>27</real> <real>13.37</real> <real>2.00</real> <string>M</string>
 <string>no</string> <real>5</real> <real>1</real> <real>2</real>
</record>
<record label="28">
 <real>28</real> <real>12.69</real> <real>2.00</real> <string>M</string>
 <string>no</string> <real>5</real> <real>1</real> <real>2</real>
</record>
<record label="29">
 <real>29</real> <real>21.70</real> <real>4.30</real> <string>M</string>
 <string>no</string> <real>5</real> <real>1</real> <real>2</real>
</record>
<record label="30">
 <real>30</real> <real>19.65</real> <real>3.00</real> <string>F</string>
 <string>no</string> <real>5</real> <real>1</real> <real>2</real>
</record>
<record label="31">
 <real>31</real> <real>9.55</real> <real>1.45</real> <string>M</string>
 <string>no</string> <real>5</real> <real>1</real> <real>2</real>
</record>
<record label="32">
 <real>32</real> <real>18.35</real> <real>2.50</real> <string>M</string>
 <string>no</string> <real>5</real> <real>1</real> <real>4</real>
</record>
<record label="33">
 <real>33</real> <real>15.06</real> <real>3.00</real> <string>F</string>
 <string>no</string> <real>5</real> <real>1</real> <real>2</real>
</record>
<record label="34">
 <real>34</real> <real>20.69</real> <real>2.45</real> <string>F</string>
 <string>no</string> <real>5</real> <real>1</real> <real>4</real>
</record>
<record label="35">
 <real>35</real> <real>17.78</real> <real>3.27</real> <string>M</string>
 <string>no</string> <real>5</real> <real>1</real> <real>2</real>
</record>
<record label="36">
 <real>36</real> <real>24.06</real> <real>3.60</real> <string>M</string>
 <string>no</string> <real>5</real> <real>1</real> <real>3</real>
</record>
<record label="37">
 <real>37</real> <real>16.31</real> <real>2.00</real> <string>M</string>
 <string>no</string> <real>5</real> <real>1</real> <real>3</real>
</record>
<record label="38">
 <real>38</real> <real>16.93</real> <real>3.07</real> <string>F</string>
 <string>no</string> <real>5</real> <real>1</real> <real>3</real>
</record>
<record label="39">
 <real>39</real> <real>18.69</real> <real>2.31</real> <string>M</string>
 <string>no</string> <real>5</real> <real>1</real> <real>3</real>
</record>
<record label="40">
 <real>40</real> <real>31.27</real> <real>5.00</real> <string>M</string>
 <string>no</string> <real>5</real> <real>1</real> <real>3</real>
</record>
<record label="41">
 <real>41</real> <real>16.04</real> <real>2.24</real> <string>M</string>
 <string>no</string> <real>5</real> <real>1</real> <real>3</real>
</record>
<record label="42">
 <real>42</real> <real>17.46</real> <real>2.54</real> <string>M</string>
 <string>no</string> <real>6</real> <real>1</real> <real>2</real>
</record>
<record label="43">
 <real>43</real> <real>13.94</real> <real>3.06</real> <string>M</string>
 <string>no</string> <real>6</real> <real>1</real> <real>2</real>
</record>
<record label="44">
 <real>44</real> <real>9.68</real> <real>1.32</real> <string>M</string>
 <string>no</string> <real>6</real> <real>1</real> <real>2</real>
</record>
<record label="45">
 <real>45</real> <real>30.40</real> <real>5.60</real> <string>M</string>
 <string>no</string> <real>6</real> <real>1</real> <real>4</real>
</record>
<record label="46">
 <real>46</real> <real>18.29</real> <real>3.00</real> <string>M</string>
 <string>no</string> <real>6</real> <real>1</real> <real>2</real>
</record>
<record label="47">
 <real>47</real> <real>22.23</real> <real>5.00</real> <string>M</string>
 <string>no</string> <real>6</real> <real>1</real> <real>2</real>
</record>
<record label="48">
 <real>48</real> <real>32.40</real> <real>6.00</real> <string>M</string>
 <string>no</string> <real>6</real> <real>1</real> <real>4</real>
</record>
<record label="49">
 <real>49</real> <real>28.55</real> <real>2.05</real> <string>M</string>
 <string>no</string> <real>6</real> <real>1</real> <real>3</real>
</record>
<record label="50">
 <real>50</real> <real>18.04</real> <real>3.00</real> <string>M</string>
 <string>no</string> <real>6</real> <real>1</real> <real>2</real>
</record>
<record label="51">
 <real>51</real> <real>12.54</real> <real>2.50</real> <string>M</string>
 <string>no</string> <real>6</real> <real>1</real> <real>2</real>
</record>
<record label="52">
 <real>52</real> <real>10.29</real> <real>2.60</real> <string>F</string>
 <string>no</string> <real>6</real> <real>1</real> <real>2</real>
</record>
<record label="53">
 <real>53</real> <real>34.81</real> <real>5.20</real> <string>F</string>
 <string>no</string> <real>6</real> <real>1</real> <real>4</real>
</record>
<record label="54">
 <real>54</real> <real>9.94</real> <real>1.56</real> <string>M</string>
 <string>no</string> <real>6</real> <real>1</real> <real>2</real>
</record>
<record label="55">
 <real>55</real> <real>25.56</real> <real>4.34</real> <string>M</string>
 <string>no</string> <real>6</real> <real>1</real> <real>4</real>
</record>
<record label="56">
 <real>56</real> <real>19.49</real> <real>3.51</real> <string>M</string>
 <string>no</string> <real>6</real> <real>1</real> <real>2</real>
</record>
<record label="57">
 <real>57</real> <real>38.01</real> <real>3.00</real> <string>M</string>
 <string>yes</string> <real>5</real> <real>1</real> <real>4</real>
</record>
<record label="58">
 <real>58</real> <real>26.41</real> <real>1.50</real> <string>F</string>
 <string>no</string> <real>5</real> <real>1</real> <real>2</real>
</record>
<record label="59">
 <real>59</real> <real>11.24</real> <real>1.76</real> <string>M</string>
 <string>yes</string> <real>5</real> <real>1</real> <real>2</real>
</record>
<record label="60">
 <real>60</real> <real>48.27</real> <real>6.73</real> <string>M</string>
 <string>no</string> <real>5</real> <real>1</real> <real>4</real>
</record>
<record label="61">
 <real>61</real> <real>20.29</real> <real>3.21</real> <string>M</string>
 <string>yes</string> <real>5</real> <real>1</real> <real>2</real>
</record>
<record label="62">
 <real>62</real> <real>13.81</real> <real>2.00</real> <string>M</string>
 <string>yes</string> <real>5</real> <real>1</real> <real>2</real>
</record>
<record label="63">
 <real>63</real> <real>11.02</real> <real>1.98</real> <string>M</string>
 <string>yes</string> <real>5</real> <real>1</real> <real>2</real>
</record>
<record label="64">
 <real>64</real> <real>18.29</real> <real>3.76</real> <string>M</string>
 <string>yes</string> <real>5</real> <real>1</real> <real>4</real>
</record>
<record label="65">
 <real>65</real> <real>17.59</real> <real>2.64</real> <string>M</string>
 <string>no</string> <real>5</real> <real>1</real> <real>3</real>
</record>
<record label="66">
 <real>66</real> <real>20.08</real> <real>3.15</real> <string>M</string>
 <string>no</string> <real>5</real> <real>1</real> <real>3</real>
</record>
<record label="67">
 <real>67</real> <real>16.45</real> <real>2.47</real> <string>F</string>
 <string>no</string> <real>5</real> <real>1</real> <real>2</real>
</record>
<record label="68">
 <real>68</real> <real>3.07</real> <real>1.00</real> <string>F</string>
 <string>yes</string> <real>5</real> <real>1</real> <real>1</real>
</record>
<record label="69">
 <real>69</real> <real>20.23</real> <real>2.01</real> <string>M</string>
 <string>no</string> <real>5</real> <real>1</real> <real>2</real>
</record>
<record label="70">
 <real>70</real> <real>15.01</real> <real>2.09</real> <string>M</string>
 <string>yes</string> <real>5</real> <real>1</real> <real>2</real>
</record>
<record label="71">
 <real>71</real> <real>12.02</real> <real>1.97</real> <string>M</string>
 <string>no</string> <real>5</real> <real>1</real> <real>2</real>
</record>
<record label="72">
 <real>72</real> <real>17.07</real> <real>3.00</real> <string>F</string>
 <string>no</string> <real>5</real> <real>1</real> <real>3</real>
</record>
<record label="73">
 <real>73</real> <real>26.86</real> <real>3.14</real> <string>F</string>
 <string>yes</string> <real>5</real> <real>1</real> <real>2</real>
</record>
<record label="74">
 <real>74</real> <real>25.28</real> <real>5.00</real> <string>F</string>
 <string>yes</string> <real>5</real> <real>1</real> <real>2</real>
</record>
<record label="75">
 <real>75</real> <real>14.73</real> <real>2.20</real> <string>F</string>
 <string>no</string> <real>5</real> <real>1</real> <real>2</real>
</record>
<record label="76">
 <real>76</real> <real>10.51</real> <real>1.25</real> <string>M</string>
 <string>no</string> <real>5</real> <real>1</real> <real>2</real>
</record>
<record label="77">
 <real>77</real> <real>17.92</real> <real>3.08</real> <string>M</string>
 <string>yes</string> <real>5</real> <real>1</real> <real>2</real>
</record>
<record label="78">
 <real>78</real> <real>27.20</real> <real>4.00</real> <string>M</string>
 <string>no</string> <real>3</real> <real>0</real> <real>4</real>
</record>
<record label="79">
 <real>79</real> <real>22.76</real> <real>3.00</real> <string>M</string>
 <string>no</string> <real>3</real> <real>0</real> <real>2</real>
</record>
<record label="80">
 <real>80</real> <real>17.29</real> <real>2.71</real> <string>M</string>
 <string>no</string> <real>3</real> <real>0</real> <real>2</real>
</record>
<record label="81">
 <real>81</real> <real>19.44</real> <real>3.00</real> <string>M</string>
 <string>yes</string> <real>3</real> <real>0</real> <real>2</real>
</record>
<record label="82">
 <real>82</real> <real>16.66</real> <real>3.40</real> <string>M</string>
 <string>no</string> <real>3</real> <real>0</real> <real>2</real>
</record>
<record label="83">
 <real>83</real> <real>10.07</real> <real>1.83</real> <string>F</string>
 <string>no</string> <real>3</real> <real>0</real> <real>1</real>
</record>
<record label="84">
 <real>84</real> <real>32.68</real> <real>5.00</real> <string>M</string>
 <string>yes</string> <real>3</real> <real>0</real> <real>2</real>
</record>
<record label="85">
 <real>85</real> <real>15.98</real> <real>2.03</real> <string>M</string>
 <string>no</string> <real>3</real> <real>0</real> <real>2</real>
</record>
<record label="86">
 <real>86</real> <real>34.83</real> <real>5.17</real> <string>F</string>
 <string>no</string> <real>3</real> <real>0</real> <real>4</real>
</record>
<record label="87">
 <real>87</real> <real>13.03</real> <real>2.00</real> <string>M</string>
 <string>no</string> <real>3</real> <real>0</real> <real>2</real>
</record>
<record label="88">
 <real>88</real> <real>18.28</real> <real>4.00</real> <string>M</string>
 <string>no</string> <real>3</real> <real>0</real> <real>2</real>
</record>
<record label="89">
 <real>89</real> <real>24.71</real> <real>5.85</real> <string>M</string>
 <string>no</string> <real>3</real> <real>0</real> <real>2</real>
</record>
<record label="90">
 <real>90</real> <real>21.16</real> <real>3.00</real> <string>M</string>
 <string>no</string> <real>3</real> <real>0</real> <real>2</real>
</record>
<record label="91">
 <real>91</real> <real>28.97</real> <real>3.00</real> <string>M</string>
 <string>yes</string> <real>4</real> <real>1</real> <real>2</real>
</record>
<record label="92">
 <real>92</real> <real>22.49</real> <real>3.50</real> <string>M</string>
 <string>no</string> <real>4</real> <real>1</real> <real>2</real>
</record>
<record label="93">
 <real>93</real> <real>5.75</real> <real>1.00</real> <string>F</string>
 <string>yes</string> <real>4</real> <real>1</real> <real>2</real>
</record>
<record label="94">
 <real>94</real> <real>16.32</real> <real>4.30</real> <string>F</string>
 <string>yes</string> <real>4</real> <real>1</real> <real>2</real>
</record>
<record label="95">
 <real>95</real> <real>22.75</real> <real>3.25</real> <string>F</string>
 <string>no</string> <real>4</real> <real>1</real> <real>2</real>
</record>
<record label="96">
 <real>96</real> <real>40.17</real> <real>4.73</real> <string>M</string>
 <string>yes</string> <real>4</real> <real>1</real> <real>4</real>
</record>
<record label="97">
 <real>97</real> <real>27.28</real> <real>4.00</real> <string>M</string>
 <string>yes</string> <real>4</real> <real>1</real> <real>2</real>
</record>
<record label="98">
 <real>98</real> <real>12.03</real> <real>1.50</real> <string>M</string>
 <string>yes</string> <real>4</real> <real>1</real> <real>2</real>
</record>
<record label="99">
 <real>99</real> <real>21.01</real> <real>3.00</real> <string>M</string>
 <string>yes</string> <real>4</real> <real>1</real> <real>2</real>
</record>
<record label="100">
 <real>100</real> <real>12.46</real> <real>1.50</real> <string>M</string>
 <string>no</string> <real>4</real> <real>1</real> <real>2</real>
</record>
<record label="101">
 <real>101</real> <real>11.35</real> <real>2.50</real> <string>F</string>
 <string>yes</string> <real>4</real> <real>1</real> <real>2</real>
</record>
<record label="102">
 <real>102</real> <real>15.38</real> <real>3.00</real> <string>F</string>
 <string>yes</string> <real>4</real> <real>1</real> <real>2</real>
</record>
<record label="103">
 <real>103</real> <real>44.30</real> <real>2.50</real> <string>F</string>
 <string>yes</string> <real>5</real> <real>1</real> <real>3</real>
</record>
<record label="104">
 <real>104</real> <real>22.42</real> <real>3.48</real> <string>F</string>
 <string>yes</string> <real>5</real> <real>1</real> <real>2</real>
</record>
<record label="105">
 <real>105</real> <real>20.92</real> <real>4.08</real> <string>F</string>
 <string>no</string> <real>5</real> <real>1</real> <real>2</real>
</record>
<record label="106">
 <real>106</real> <real>15.36</real> <real>1.64</real> <string>M</string>
 <string>yes</string> <real>5</real> <real>1</real> <real>2</real>
</record>
<record label="107">
 <real>107</real> <real>20.49</real> <real>4.06</real> <string>M</string>
 <string>yes</string> <real>5</real> <real>1</real> <real>2</real>
</record>
<record label="108">
 <real>108</real> <real>25.21</real> <real>4.29</real> <string>M</string>
 <string>yes</string> <real>5</real> <real>1</real> <real>2</real>
</record>
<record label="109">
 <real>109</real> <real>18.24</real> <real>3.76</real> <string>M</string>
 <string>no</string> <real>5</real> <real>1</real> <real>2</real>
</record>
<record label="110">
 <real>110</real> <real>14.31</real> <real>4.00</real> <string>F</string>
 <string>yes</string> <real>5</real> <real>1</real> <real>2</real>
</record>
<record label="111">
 <real>111</real> <real>14.00</real> <real>3.00</real> <string>M</string>
 <string>no</string> <real>5</real> <real>1</real> <real>2</real>
</record>
<record label="112">
 <real>112</real> <real>7.25</real> <real>1.00</real> <string>F</string>
 <string>no</string> <real>5</real> <real>1</real> <real>1</real>
</record>
<record label="113">
 <real>113</real> <real>38.07</real> <real>4.00</real> <string>M</string>
 <string>no</string> <real>6</real> <real>1</real> <real>3</real>
</record>
<record label="114">
 <real>114</real> <real>23.95</real> <real>2.55</real> <string>M</string>
 <string>no</string> <real>6</real> <real>1</real> <real>2</real>
</record>
<record label="115">
 <real>115</real> <real>25.71</real> <real>4.00</real> <string>F</string>
 <string>no</string> <real>6</real> <real>1</real> <real>3</real>
</record>
<record label="116">
 <real>116</real> <real>17.31</real> <real>3.500</real> <string>F</string>
 <string>no</string> <real>6</real> <real>1</real> <real>2</real>
</record>
<record label="117">
 <real>117</real> <real>29.93</real> <real>5.07</real> <string>M</string>
 <string>no</string> <real>6</real> <real>1</real> <real>4</real>
</record>
<record label="118">
 <real>118</real> <real>10.65</real> <real>1.50</real> <string>F</string>
 <string>no</string> <real>3</real> <real>0</real> <real>2</real>
</record>
<record label="119">
 <real>119</real> <real>12.43</real> <real>1.80</real> <string>F</string>
 <string>no</string> <real>3</real> <real>0</real> <real>2</real>
</record>
<record label="120">
 <real>120</real> <real>24.08</real> <real>2.92</real> <string>F</string>
 <string>no</string> <real>3</real> <real>0</real> <real>4</real>
</record>
<record label="121">
 <real>121</real> <real>11.69</real> <real>2.31</real> <string>M</string>
 <string>no</string> <real>3</real> <real>0</real> <real>2</real>
</record>
<record label="122">
 <real>122</real> <real>13.42</real> <real>1.68</real> <string>F</string>
 <string>no</string> <real>3</real> <real>0</real> <real>2</real>
</record>
<record label="123">
 <real>123</real> <real>14.26</real> <real>2.50</real> <string>M</string>
 <string>no</string> <real>3</real> <real>0</real> <real>2</real>
</record>
<record label="124">
 <real>124</real> <real>15.95</real> <real>2.00</real> <string>M</string>
 <string>no</string> <real>3</real> <real>0</real> <real>2</real>
</record>
<record label="125">
 <real>125</real> <real>12.48</real> <real>2.52</real> <string>F</string>
 <string>no</string> <real>3</real> <real>0</real> <real>2</real>
</record>
<record label="126">
 <real>126</real> <real>29.80</real> <real>4.20</real> <string>F</string>
 <string>no</string> <real>3</real> <real>0</real> <real>6</real>
</record>
<record label="127">
 <real>127</real> <real>8.52</real> <real>1.48</real> <string>M</string>
 <string>no</string> <real>3</real> <real>0</real> <real>2</real>
</record>
<record label="128">
 <real>128</real> <real>14.52</real> <real>2.00</real> <string>F</string>
 <string>no</string> <real>3</real> <real>0</real> <real>2</real>
</record>
<record label="129">
 <real>129</real> <real>11.38</real> <real>2.00</real> <string>F</string>
 <string>no</string> <real>3</real> <real>0</real> <real>2</real>
</record>
<record label="130">
 <real>130</real> <real>22.82</real> <real>2.18</real> <string>M</string>
 <string>no</string> <real>3</real> <real>0</real> <real>3</real>
</record>
<record label="131">
 <real>131</real> <real>19.08</real> <real>1.50</real> <string>M</string>
 <string>no</string> <real>3</real> <real>0</real> <real>2</real>
</record>
<record label="132">
 <real>132</real> <real>20.27</real> <real>2.83</real> <string>F</string>
 <string>no</string> <real>3</real> <real>0</real> <real>2</real>
</record>
<record label="133">
 <real>133</real> <real>11.17</real> <real>1.50</real> <string>F</string>
 <string>no</string> <real>3</real> <real>0</real> <real>2</real>
</record>
<record label="134">
 <real>134</real> <real>12.26</real> <real>2.00</real> <string>F</string>
 <string>no</string> <real>3</real> <real>0</real> <real>2</real>
</record>
<record label="135">
 <real>135</real> <real>18.26</real> <real>3.25</real> <string>F</string>
 <string>no</string> <real>3</real> <real>0</real> <real>2</real>
</record>
<record label="136">
 <real>136</real> <real>8.51</real> <real>1.25</real> <string>F</string>
 <string>no</string> <real>3</real> <real>0</real> <real>2</real>
</record>
<record label="137">
 <real>137</real> <real>10.33</real> <real>2.00</real> <string>F</string>
 <string>no</string> <real>3</real> <real>0</real> <real>2</real>
</record>
<record label="138">
 <real>138</real> <real>14.15</real> <real>2.00</real> <string>F</string>
 <string>no</string> <real>3</real> <real>0</real> <real>2</real>
</record>
<record label="139">
 <real>139</real> <real>16.00</real> <real>2.00</real> <string>M</string>
 <string>yes</string> <real>3</real> <real>0</real> <real>2</real>
</record>
<record label="140">
 <real>140</real> <real>13.16</real> <real>2.75</real> <string>F</string>
 <string>no</string> <real>3</real> <real>0</real> <real>2</real>
</record>
<record label="141">
 <real>141</real> <real>17.47</real> <real>3.50</real> <string>F</string>
 <string>no</string> <real>3</real> <real>0</real> <real>2</real>
</record>
<record label="142">
 <real>142</real> <real>34.30</real> <real>6.70</real> <string>M</string>
 <string>no</string> <real>3</real> <real>0</real> <real>6</real>
</record>
<record label="143">
 <real>143</real> <real>41.19</real> <real>5.00</real> <string>M</string>
 <string>no</string> <real>3</real> <real>0</real> <real>5</real>
</record>
<record label="144">
 <real>144</real> <real>27.05</real> <real>5.00</real> <string>F</string>
 <string>no</string> <real>3</real> <real>0</real> <real>6</real>
</record>
<record label="145">
 <real>145</real> <real>16.43</real> <real>2.30</real> <string>F</string>
 <string>no</string> <real>3</real> <real>0</real> <real>2</real>
</record>
<record label="146">
 <real>146</real> <real>8.35</real> <real>1.50</real> <string>F</string>
 <string>no</string> <real>3</real> <real>0</real> <real>2</real>
</record>
<record label="147">
 <real>147</real> <real>18.64</real> <real>1.36</real> <string>F</string>
 <string>no</string> <real>3</real> <real>0</real> <real>3</real>
</record>
<record label="148">
 <real>148</real> <real>11.87</real> <real>1.63</real> <string>F</string>
 <string>no</string> <real>3</real> <real>0</real> <real>2</real>
</record>
<record label="149">
 <real>149</real> <real>9.78</real> <real>1.73</real> <string>M</string>
 <string>no</string> <real>3</real> <real>0</real> <real>2</real>
</record>
<record label="150">
 <real>150</real> <real>7.51</real> <real>2.00</real> <string>M</string>
 <string>no</string> <real>3</real> <real>0</real> <real>2</real>
</record>
<record label="151">
 <real>151</real> <real>14.07</real> <real>2.50</real> <string>M</string>
 <string>no</string> <real>6</real> <real>1</real> <real>2</real>
</record>
<record label="152">
 <real>152</real> <real>13.13</real> <real>2.00</real> <string>M</string>
 <string>no</string> <real>6</real> <real>1</real> <real>2</real>
</record>
<record label="153">
 <real>153</real> <real>17.26</real> <real>2.74</real> <string>M</string>
 <string>no</string> <real>6</real> <real>1</real> <real>3</real>
</record>
<record label="154">
 <real>154</real> <real>24.55</real> <real>2.00</real> <string>M</string>
 <string>no</string> <real>6</real> <real>1</real> <real>4</real>
</record>
<record label="155">
 <real>155</real> <real>19.77</real> <real>2.00</real> <string>M</string>
 <string>no</string> <real>6</real> <real>1</real> <real>4</real>
</record>
<record label="156">
 <real>156</real> <real>29.85</real> <real>5.14</real> <string>F</string>
 <string>no</string> <real>6</real> <real>1</real> <real>5</real>
</record>
<record label="157">
 <real>157</real> <real>48.17</real> <real>5.00</real> <string>M</string>
 <string>no</string> <real>6</real> <real>1</real> <real>6</real>
</record>
<record label="158">
 <real>158</real> <real>25.00</real> <real>3.75</real> <string>F</string>
 <string>no</string> <real>6</real> <real>1</real> <real>4</real>
</record>
<record label="159">
 <real>159</real> <real>13.39</real> <real>2.61</real> <string>F</string>
 <string>no</string> <real>6</real> <real>1</real> <real>2</real>
</record>
<record label="160">
 <real>160</real> <real>16.49</real> <real>2.00</real> <string>M</string>
 <string>no</string> <real>6</real> <real>1</real> <real>4</real>
</record>
<record label="161">
 <real>161</real> <real>21.50</real> <real>3.50</real> <string>M</string>
 <string>no</string> <real>6</real> <real>1</real> <real>4</real>
</record>
<record label="162">
 <real>162</real> <real>12.66</real> <real>2.50</real> <string>M</string>
 <string>no</string> <real>6</real> <real>1</real> <real>2</real>
</record>
<record label="163">
 <real>163</real> <real>16.21</real> <real>2.00</real> <string>F</string>
 <string>no</string> <real>6</real> <real>1</real> <real>3</real>
</record>
<record label="164">
 <real>164</real> <real>13.81</real> <real>2.00</real> <string>M</string>
 <string>no</string> <real>6</real> <real>1</real> <real>2</real>
</record>
<record label="165">
 <real>165</real> <real>17.51</real> <real>3.00</real> <string>F</string>
 <string>yes</string> <real>6</real> <real>1</real> <real>2</real>
</record>
<record label="166">
 <real>166</real> <real>24.52</real> <real>3.48</real> <string>M</string>
 <string>no</string> <real>6</real> <real>1</real> <real>3</real>
</record>
<record label="167">
 <real>167</real> <real>20.76</real> <real>2.24</real> <string>M</string>
 <string>no</string> <real>6</real> <real>1</real> <real>2</real>
</record>
<record label="168">
 <real>168</real> <real>31.71</real> <real>4.50</real> <string>M</string>
 <string>no</string> <real>6</real> <real>1</real> <real>4</real>
</record>
<record label="169">
 <real>169</real> <real>10.59</real> <real>1.61</real> <string>F</string>
 <string>yes</string> <real>5</real> <real>1</real> <real>2</real>
</record>
<record label="170">
 <real>170</real> <real>10.63</real> <real>2.00</real> <string>F</string>
 <string>yes</string> <real>5</real> <real>1</real> <real>2</real>
</record>
<record label="171">
 <real>171</real> <real>50.81</real> <real>10.00</real> <string>M</string>
 <string>yes</string> <real>5</real> <real>1</real> <real>3</real>
</record>
<record label="172">
 <real>172</real> <real>15.81</real> <real>3.16</real> <string>M</string>
 <string>yes</string> <real>5</real> <real>1</real> <real>2</real>
</record>
<record label="173">
 <real>173</real> <real>7.25</real> <real>5.15</real> <string>M</string>
 <string>yes</string> <real>6</real> <real>1</real> <real>2</real>
</record>
<record label="174">
 <real>174</real> <real>31.85</real> <real>3.18</real> <string>M</string>
 <string>yes</string> <real>6</real> <real>1</real> <real>2</real>
</record>
<record label="175">
 <real>175</real> <real>16.82</real> <real>4.00</real> <string>M</string>
 <string>yes</string> <real>6</real> <real>1</real> <real>2</real>
</record>
<record label="176">
 <real>176</real> <real>32.90</real> <real>3.11</real> <string>M</string>
 <string>yes</string> <real>6</real> <real>1</real> <real>2</real>
</record>
<record label="177">
 <real>177</real> <real>17.89</real> <real>2.00</real> <string>M</string>
 <string>yes</string> <real>6</real> <real>1</real> <real>2</real>
</record>
<record label="178">
 <real>178</real> <real>14.48</real> <real>2.00</real> <string>M</string>
 <string>yes</string> <real>6</real> <real>1</real> <real>2</real>
</record>
<record label="179">
 <real>179</real> <real>9.60</real> <real>4.00</real> <string>F</string>
 <string>yes</string> <real>6</real> <real>1</real> <real>2</real>
</record>
<record label="180">
 <real>180</real> <real>34.63</real> <real>3.55</real> <string>M</string>
 <string>yes</string> <real>6</real> <real>1</real> <real>2</real>
</record>
<record label="181">
 <real>181</real> <real>34.65</real> <real>3.68</real> <string>M</string>
 <string>yes</string> <real>6</real> <real>1</real> <real>4</real>
</record>
<record label="182">
 <real>182</real> <real>23.33</real> <real>5.65</real> <string>M</string>
 <string>yes</string> <real>6</real> <real>1</real> <real>2</real>
</record>
<record label="183">
 <real>183</real> <real>45.35</real> <real>3.50</real> <string>M</string>
 <string>yes</string> <real>6</real> <real>1</real> <real>3</real>
</record>
<record label="184">
 <real>184</real> <real>23.17</real> <real>6.50</real> <string>M</string>
 <string>yes</string> <real>6</real> <real>1</real> <real>4</real>
</record>
<record label="185">
 <real>185</real> <real>40.55</real> <real>3.00</real> <string>M</string>
 <string>yes</string> <real>6</real> <real>1</real> <real>2</real>
</record>
<record label="186">
 <real>186</real> <real>20.69</real> <real>5.00</real> <string>M</string>
 <string>no</string> <real>6</real> <real>1</real> <real>5</real>
</record>
<record label="187">
 <real>187</real> <real>20.90</real> <real>3.50</real> <string>F</string>
 <string>yes</string> <real>6</real> <real>1</real> <real>3</real>
</record>
<record label="188">
 <real>188</real> <real>30.46</real> <real>2.00</real> <string>M</string>
 <string>yes</string> <real>6</real> <real>1</real> <real>5</real>
</record>
<record label="189">
 <real>189</real> <real>18.15</real> <real>3.50</real> <string>F</string>
 <string>yes</string> <real>6</real> <real>1</real> <real>3</real>
</record>
<record label="190">
 <real>190</real> <real>23.10</real> <real>4.00</real> <string>M</string>
 <string>yes</string> <real>6</real> <real>1</real> <real>3</real>
</record>
<record label="191">
 <real>191</real> <real>15.69</real> <real>1.50</real> <string>M</string>
 <string>yes</string> <real>6</real> <real>1</real> <real>2</real>
</record>
<record label="192">
 <real>192</real> <real>19.81</real> <real>4.19</real> <string>F</string>
 <string>yes</string> <real>3</real> <real>0</real> <real>2</real>
</record>
<record label="193">
 <real>193</real> <real>28.44</real> <real>2.56</real> <string>M</string>
 <string>yes</string> <real>3</real> <real>0</real> <real>2</real>
</record>
<record label="194">
 <real>194</real> <real>15.48</real> <real>2.02</real> <string>M</string>
 <string>yes</string> <real>3</real> <real>0</real> <real>2</real>
</record>
<record label="195">
 <real>195</real> <real>16.58</real> <real>4.00</real> <string>M</string>
 <string>yes</string> <real>3</real> <real>0</real> <real>2</real>
</record>
<record label="196">
 <real>196</real> <real>7.56</real> <real>1.44</real> <string>M</string>
 <string>no</string> <real>3</real> <real>0</real> <real>2</real>
</record>
<record label="197">
 <real>197</real> <real>10.34</real> <real>2.00</real> <string>M</string>
 <string>yes</string> <real>3</real> <real>0</real> <real>2</real>
</record>
<record label="198">
 <real>198</real> <real>43.11</real> <real>5.00</real> <string>F</string>
 <string>yes</string> <real>3</real> <real>0</real> <real>4</real>
</record>
<record label="199">
 <real>199</real> <real>13.00</real> <real>2.00</real> <string>F</string>
 <string>yes</string> <real>3</real> <real>0</real> <real>2</real>
</record>
<record label="200">
 <real>200</real> <real>13.51</real> <real>2.00</real> <string>M</string>
 <string>yes</string> <real>3</real> <real>0</real> <real>2</real>
</record>
<record label="201">
 <real>201</real> <real>18.71</real> <real>4.00</real> <string>M</string>
 <string>yes</string> <real>3</real> <real>0</real> <real>3</real>
</record>
<record label="202">
 <real>202</real> <real>12.74</real> <real>2.01</real> <string>F</string>
 <string>yes</string> <real>3</real> <real>0</real> <real>2</real>
</record>
<record label="203">
 <real>203</real> <real>13.00</real> <real>2.00</real> <string>F</string>
 <string>yes</string> <real>3</real> <real>0</real> <real>2</real>
</record>
<record label="204">
 <real>204</real> <real>16.40</real> <real>2.50</real> <string>F</string>
 <string>yes</string> <real>3</real> <real>0</real> <real>2</real>
</record>
<record label="205">
 <real>205</real> <real>20.53</real> <real>4.00</real> <string>M</string>
 <string>yes</string> <real>3</real> <real>0</real> <real>4</real>
</record>
<record label="206">
 <real>206</real> <real>16.47</real> <real>3.23</real> <string>F</string>
 <string>yes</string> <real>3</real> <real>0</real> <real>3</real>
</record>
<record label="207">
 <real>207</real> <real>26.59</real> <real>3.41</real> <string>M</string>
 <string>yes</string> <real>5</real> <real>1</real> <real>3</real>
</record>
<record label="208">
 <real>208</real> <real>38.73</real> <real>3.00</real> <string>M</string>
 <string>yes</string> <real>5</real> <real>1</real> <real>4</real>
</record>
<record label="209">
 <real>209</real> <real>24.27</real> <real>2.03</real> <string>M</string>
 <string>yes</string> <real>5</real> <real>1</real> <real>2</real>
</record>
<record label="210">
 <real>210</real> <real>12.76</real> <real>2.23</real> <string>F</string>
 <string>yes</string> <real>5</real> <real>1</real> <real>2</real>
</record>
<record label="211">
 <real>211</real> <real>30.06</real> <real>2.00</real> <string>M</string>
 <string>yes</string> <real>5</real> <real>1</real> <real>3</real>
</record>
<record label="212">
 <real>212</real> <real>25.89</real> <real>5.16</real> <string>M</string>
 <string>yes</string> <real>5</real> <real>1</real> <real>4</real>
</record>
<record label="213">
 <real>213</real> <real>48.33</real> <real>9.00</real> <string>M</string>
 <string>no</string> <real>5</real> <real>1</real> <real>4</real>
</record>
<record label="214">
 <real>214</real> <real>13.27</real> <real>2.50</real> <string>F</string>
 <string>yes</string> <real>5</real> <real>1</real> <real>2</real>
</record>
<record label="215">
 <real>215</real> <real>28.17</real> <real>6.50</real> <string>F</string>
 <string>yes</string> <real>5</real> <real>1</real> <real>3</real>
</record>
<record label="216">
 <real>216</real> <real>12.90</real> <real>1.10</real> <string>F</string>
 <string>yes</string> <real>5</real> <real>1</real> <real>2</real>
</record>
<record label="217">
 <real>217</real> <real>28.15</real> <real>3.00</real> <string>M</string>
 <string>yes</string> <real>5</real> <real>1</real> <real>5</real>
</record>
<record label="218">
 <real>218</real> <real>11.59</real> <real>1.50</real> <string>M</string>
 <string>yes</string> <real>5</real> <real>1</real> <real>2</real>
</record>
<record label="219">
 <real>219</real> <real>7.74</real> <real>1.44</real> <string>M</string>
 <string>yes</string> <real>5</real> <real>1</real> <real>2</real>
</record>
<record label="220">
 <real>220</real> <real>30.14</real> <real>3.09</real> <string>F</string>
 <string>yes</string> <real>5</real> <real>1</real> <real>4</real>
</record>
<record label="221">
 <real>221</real> <real>12.16</real> <real>2.20</real> <string>M</string>
 <string>yes</string> <real>4</real> <real>0</real> <real>2</real>
</record>
<record label="222">
 <real>222</real> <real>13.42</real> <real>3.48</real> <string>F</string>
 <string>yes</string> <real>4</real> <real>0</real> <real>2</real>
</record>
<record label="223">
 <real>223</real> <real>8.58</real> <real>1.92</real> <string>M</string>
 <string>yes</string> <real>4</real> <real>0</real> <real>1</real>
</record>
<record label="224">
 <real>224</real> <real>15.98</real> <real>3.00</real> <string>F</string>
 <string>no</string> <real>4</real> <real>0</real> <real>3</real>
</record>
<record label="225">
 <real>225</real> <real>13.42</real> <real>1.58</real> <string>M</string>
 <string>yes</string> <real>4</real> <real>0</real> <real>2</real>
</record>
<record label="226">
 <real>226</real> <real>16.27</real> <real>2.50</real> <string>F</string>
 <string>yes</string> <real>4</real> <real>0</real> <real>2</real>
</record>
<record label="227">
 <real>227</real> <real>10.09</real> <real>2.00</real> <string>F</string>
 <string>yes</string> <real>4</real> <real>0</real> <real>2</real>
</record>
<record label="228">
 <real>228</real> <real>20.45</real> <real>3.00</real> <string>M</string>
 <string>no</string> <real>5</real> <real>1</real> <real>4</real>
</record>
<record label="229">
 <real>229</real> <real>13.28</real> <real>2.72</real> <string>M</string>
 <string>no</string> <real>5</real> <real>1</real> <real>2</real>
</record>
<record label="230">
 <real>230</real> <real>22.12</real> <real>2.88</real> <string>F</string>
 <string>yes</string> <real>5</real> <real>1</real> <real>2</real>
</record>
<record label="231">
 <real>231</real> <real>24.01</real> <real>2.00</real> <string>M</string>
 <string>yes</string> <real>5</real> <real>1</real> <real>4</real>
</record>
<record label="232">
 <real>232</real> <real>15.69</real> <real>3.00</real> <string>M</string>
 <string>yes</string> <real>5</real> <real>1</real> <real>3</real>
</record>
<record label="233">
 <real>233</real> <real>11.61</real> <real>3.39</real> <string>M</string>
 <string>no</string> <real>5</real> <real>1</real> <real>2</real>
</record>
<record label="234">
 <real>234</real> <real>10.77</real> <real>1.47</real> <string>M</string>
 <string>no</string> <real>5</real> <real>1</real> <real>2</real>
</record>
<record label="235">
 <real>235</real> <real>15.53</real> <real>3.00</real> <string>M</string>
 <string>yes</string> <real>5</real> <real>1</real> <real>2</real>
</record>
<record label="236">
 <real>236</real> <real>10.07</real> <real>1.25</real> <string>M</string>
 <string>no</string> <real>5</real> <real>1</real> <real>2</real>
</record>
<record label="237">
 <real>237</real> <real>12.60</real> <real>1.00</real> <string>M</string>
 <string>yes</string> <real>5</real> <real>1</real> <real>2</real>
</record>
<record label="238">
 <real>238</real> <real>32.83</real> <real>1.17</real> <string>M</string>
 <string>yes</string> <real>5</real> <real>1</real> <real>2</real>
</record>
<record label="239">
 <real>239</real> <real>35.83</real> <real>4.67</real> <string>F</string>
 <string>no</string> <real>5</real> <real>1</real> <real>3</real>
</record>
<record label="240">
 <real>240</real> <real>29.03</real> <real>5.920</real> <string>M</string>
 <string>no</string> <real>5</real> <real>1</real> <real>3</real>
</record>
<record label="241">
 <real>241</real> <real>27.18</real> <real>2.00</real> <string>F</string>
 <string>yes</string> <real>5</real> <real>1</real> <real>2</real>
</record>
<record label="242">
 <real>242</real> <real>22.67</real> <real>2.00</real> <string>M</string>
 <string>yes</string> <real>5</real> <real>1</real> <real>2</real>
</record>
<record label="243">
 <real>243</real> <real>17.82</real> <real>1.75</real> <string>M</string>
 <string>no</string> <real>5</real> <real>1</real> <real>2</real>
</record>
<record label="244">
 <real>244</real> <real>18.78</real> <real>3.00</real> <string>F</string>
 <string>no</string> <real>3</real> <real>1</real> <real>2</real>
</record>
</records>
</data>
</ggobidata>
