<?xml version="1.0"?>
<!DOCTYPE ggobidata SYSTEM "ggobi.dtd">
<ggobidata count="1">
<data name="Customers">
<description>
</description>
<variables count="4">
 <realvariable name="avgusage" />
 <realvariable name="foo" />
 <categoricalvariable name="fraudp">
   <levels count="3">
     <level value="0">low</level>
     <level value="1">medium</level>
     <level value="2">high</level>
   </levels>
 </categoricalvariable>
 <categoricalvariable name="bizres">
   <levels count="2">
     <level value="0">biz</level>
     <level value="1">res</level>
   </levels>
 </categoricalvariable>
</variables>
<records  count="6" color="4">
 <record id="2">  1  2     0   0  </record>
 <record id="3">  2  3     0   1  </record>
 <record id="5">  3  4     1   0  </record>
 <record id="12"> 4  5     1   1  </record>
 <record id="7">  5  6     2   0  </record>
 <record id="11"> 6  7     2   1  </record>
</records>
</data>
</ggobidata>

